시어머니,"시어머니"
동그라미,"동그라미"
조카며느리,"조카,며느리"
가정의례,"가정,의례"
증조할머니,"증조,할머니"
아랫도리,"아랫도리"
먹자골목,"먹자,골목"
나박김치,"나박,김치"
전화번호,"전화,번호"
대한민국,"대한민국"
바윗덩이,"바윗덩이"
시집살이,"시집살이"
할아버지,"할아버지"
아주버님,"아주버님"
전무후무,"전무후무"
아래윗집,"아래윗집"
국민학교,"국민,학교"
결혼식장,"결혼식장"
마찬가지,"마찬가지"
자격지심,"자격지심"
시아버지,"시아버지"
작은어머니,"작은,어머니"
하루하루,"하루,하루"
하루아침,"하루,아침"
오랫동안,"오랫동안"
신혼부부,"신혼,부부"
디자이너,"디자이너"
구석구석,"구석구석"
인지상정,"인지상정"
서울대학,"서울,대학"
희노애락,"희노애락"
파인애플,"파인애플"
자유자재,"자유자재"
대성통곡,"대성통곡"
방성대곡,"방성대곡"
계란말이,"계란,말이"
버드나무,"버드나무"
걸음걸이,"걸음,걸이"
지지부진,"지지부진"
소맷부리,"소맷부리"
털목도리,"털목도리"
만신창이,"만신창이"
와이셔츠,"와이셔츠"
종종걸음,"종종,걸음"
뒷설거지,"뒷설거지"
끄트머리,"끄트머리"
나부랭이,"나부랭이"
일편단심,"일편단심"
기고만장,"기고만장"
연애결혼,"연애,결혼"
고등학교,"고등,학교"
전전긍긍,"전전긍긍"
물심양면,"물심양면"
인륜대사,"인륜대사"
세간살이,"세간살이"
신혼여행,"신혼,여행"
뒤죽박죽,"뒤죽박죽"
바닷바람,"바닷바람"
웃음소리,"웃음,소리"
운전기사,"운전,기사"
신접살림,"신접,살림"
보금자리,"보금자리"
마룻바닥,"마룻바닥"
오래간만,"오래간만"
파란만장,"파란만장"
미사여구,"미사여구"
머리카락,"머리카락"
천진무구,"천진무구"
한국문학,"한국,문학"
삐삐주전자,"삐삐,주전자"
발뒤꿈치,"발뒤꿈치"
구멍가게,"구멍,가게"
바깥바람,"바깥,바람"
성목요일,"성목요일"
가운뎃줄,"가운뎃줄"
어깨너머,"어깨,너머"
산부인과,"산부인과"
미끄럼판,"미끄럼판"
저금통장,"저금,통장"
전기밥솥,"전기,밥솥"
연탄장수,"연탄,장수"
보릿자루,"보릿자루"
마른걸레,"마른걸레"
속수무책,"속수무책"
의기양양,"의기양양"
화장비누,"화장,비누"
가족사진,"가족,사진"
오막살이,"오막살이"
멜로드라마,"멜로,드라마"
전원주택,"전원,주택"
아침저녁,"아침,저녁"
달맞이꽃,"달맞이꽃"
쓰레기통,"쓰레기통"
식물도감,"식물,도감"
시사용어,"시사,용어"
자포자기,"자포자기"
사고무친,"사고무친"
가난뱅이,"가난뱅이"
백일잔치,"백일,잔치"
주인아저씨,"주인,아저씨"
자초지종,"자초지종"
이것저것,"이것,저것"
전화위복,"전화위복"
요구르트,"요구르트"
주둥아리,"주둥아리"
호의호식,"호의호식"
농지거리,"농지거리"
가타부타,"가타부타"
보물단지,"보물,단지"
부지기수,"부지기수"
뒷바라지,"뒷바라지"
신신당부,"신신당부"
군더더기,"군더더기"
동갑내기,"동갑내기"
행동반경,"행동,반경"
신생아실,"신생아실"
요기조기,"요기,조기"
지리멸렬,"지리멸렬"
아주머니,"아주머니"
여주인공,"여주인공"
스트레스,"스트레스"
부전자전,"부전자전"
싹수머리,"싹수,머리"
손목시계,"손목,시계"
거스름돈,"거스름돈"
악다구니,"악다구니"
일가단란,"일가,단란"
중소기업,"중소,기업"
천진난만,"천진,난만"
무서움증,"무서움증"
바늘구멍,"바늘,구멍"
일사불란,"일사불란"
어깨동무,"어깨,동무"
칠전팔기,"칠전팔기"
청둥오리,"청둥,오리"
무궁무진,"무궁무진"
이만저만,"이만저만"
단도직입,"단도직입"
고속버스,"고속,버스"
데릴사위,"데릴사위"
그루터기,"그루터기"
군계일학,"군계일학"
독불장군,"독불,장군"
고정관념,"고정,관념"
정당방위,"정당,방위"
내리막길,"내리막길"
산모롱이,"산모롱이"
낭떠러지,"낭떠러지"
사타구니,"사타구니"
욕지거리,"욕지거리"
바깥공기,"바깥,공기"
반찬거리,"반찬거리"
매부지간,"매부지간"
천신만고,"천신만고"
안하무인,"안하무인"
막무가내,"막무가내"
콩꼬투리,"콩꼬투리"
친정어머니,"친정,어머니"
오도방정,"오도방정"
시아버님,"시아버님"
출가외인,"출가,외인"
여기저기,"여기,저기"
야단야단,"야단,야단"
철딱서니,"철딱서니"
현대문학,"현대,문학"
책상다리,"책상,다리"
부스러기,"부스러기"
두루마리,"두루마리"
이부자리,"이부자리"
붙박이장,"붙박이장"
잡동사니,"잡동사니"
시금치나물,"시금치,나물"
진수성찬,"진수성찬"
고무장갑,"고무,장갑"
옥신각신,"옥신각신"
작은손자,"작은손자"
희소가치,"희소,가치"
지하철역,"지하철역"
고속도로,"고속,도로"
국회의원,"국회,의원"
인생무상,"인생,무상"
천부당만부당,"천부당,만부당"
요샛세상,"요샛세상"
며늘아기,"며늘아기"
회전목마,"회전,목마"
사이사이,"사이,사이"
불평불만,"불평,불만"
초저녁잠,"초저녁잠"
반신반의,"반신반의"
빈털터리,"빈털터리"
천생연분,"천생연분"
상업주의,"상업,주의"
무미건조,"무미,건조"
개인주의,"개인,주의"
가족주의,"가족,주의"
식민주의,"식민,주의"
남존여비,"남존여비"
군국주의,"군국,주의"
전통주의,"전통,주의"
이기주의,"이기,주의"
전체주의,"전체,주의"
관세음보살,"관세음,보살"
충청남도,"충청,남도"
병자호란,"병자,호란"
독립운동,"독립,운동"
사회주의,"사회,주의"
단독정부,"단독,정부"
대전형무소,"대전,형무소"
산골짜기,"산골짜기"
대본서점,"대본,서점"
한국문학전집,"한국,문학,전집"
교양서적,"교양,서적"
가장집물,"가장,집물"
웃음거리,"웃음거리"
사회생활,"사회,생활"
출신성분,"출신,성분"
가시밭길,"가시,밭길"
두문분출,"두문분출"
완행열차,"완행,열차"
봉두난발,"봉두난발"
어린아이,"어린아이"
울음소리,"울음,소리"
삼일수하,"삼일,수하"
십승지지,"십승지지"
전라북도,"전라북도"
반야심경,"반야,심경"
주간종교,"주간,종교"
쇳덩어리,"쇳덩어리"
한국기원,"한국,기원"
대한기원,"대한,기원"
민중불교,"민중,불교"
한국문학사,"한국,문학사"
백제출판사,"백제,출판사"
일월서각,"일월,서각"
문예중앙,"문예,중앙"
교통사고,"교통,사고"
우리시대,"우리,시대"
실천문학사,"실천,문학사"
중도일보,"중도,일보"
부위원장,"부위원장"
살림출판사,"살림,출판사"
중앙일보,"중앙,일보"
여성중앙,"여성,중앙"
동서문화사,"동서,문화사"
한국일보,"한국,일보"
생명기행,"생명,기행"
민주일보,"민주,일보"
삼국유사,"삼국유사"
문화일보,"문화,일보"
화엄신장,"화엄신장"
오온개공도,"오온개공도"
일체고액,"일체,고액"
색불이공,"색불이공"
공불이색,"공불,이색"
색즉시공,"색즉시공"
공즉시색,"공즉시색"
계집아이,"계집,아이"
조왕대신,"조왕대신"
부지깽이,"부지깽이"
결가부좌,"결가부좌"
일호차착,"일호차착"
천지현격,"천지,현격"
아랫입술,"아랫입술"
일일부작,"일일,부작"
일일불식,"일일,불식"
이슬방울,"이슬,방울"
우비희락,"우비,희락"
보리수나무,"보리수,나무"
십육나한,"십육,나한"
지장보살,"지장,보살"
개오줌나무,"개오줌,나무"
무릎걸음,"무릎,걸음"
심우삼매,"심우,삼매"
밥찌꺼기,"밥찌꺼기"
검정콩알,"검정,콩알"
묵묵부답,"묵묵부답"
산꼭대기,"산꼭대기"
서까래감,"서까래감"
치맛자락,"치맛자락"
관음보살,"관음,보살"
잔심부름,"잔심부름"
보리숭늉,"보리,숭늉"
이목구비,"이목구비"
눈언저리,"눈언저리"
사기그릇,"사기,그릇"
낙락장송,"낙락장송"
박장대소,"박장대소"
산하대지,"산하,대지"
이곳저곳,"이곳,저곳"
오라버니,"오라버니"
무간지옥,"무간,지옥"
공경대부,"공경,대부"
자업자득,"자업자득"
어지럼증,"어지럼증"
나뭇가지,"나뭇가지"
오방내외,"오방,내외"
돌덩어리,"돌덩어리"
살림살이,"살림살이"
코맹맹이,"코맹맹이"
만산홍엽,"만산홍엽"
바람막이,"바람막이"
능구렁이,"능구렁이"
오이할머니,"오이,할머니"
신언서판,"신언서판"
꼬부랑글자,"꼬부랑,글자"
앞대가리,"앞대가리"
곤쟁이젖,"곤쟁이젖"
아귀다툼,"아귀,다툼"
시래깃국,"시래깃국"
미꾸라지,"미꾸라지"
극락정토,"극락정토"
떡갈나무,"떡갈,나무"
만단설화,"만단설화"
틈바구니,"틈바구니"
눈깔사탕,"눈깔,사탕"
휘파람새,"휘파람새"
팔목시계,"팔목,시계"
문창호지,"문창호지"
갓난아기,"갓난아기"
소맷자락,"소맷자락"
상수리나무,"상수리,나무"
마른버짐,"마른버짐"
묘수풀이,"묘수,풀이"
가래소리,"가래,소리"
바짓가랑이,"바짓가랑이"
저녁거리,"저녁거리"
궁둥이걸음,"궁둥이,걸음"
딱지치기,"딱지,치기"
구슬치기,"구슬,치기"
팽이치기,"팽이,치기"
제기차기,"제기,차기"
연날리기,"연날리기"
쥐불놀이,"쥐불,놀이"
우리나라,"우리,나라"
혼잣소리,"혼잣소리"
팔랑개비,"팔랑개비"
물푸레나무,"물푸레,나무"
바깥어른,"바깥,어른"
백골난망,"백골난망"
겨드랑이,"겨드랑이"
두루마기,"두루마기"
까막까치,"까막까치"
오줌싸개,"오줌싸개"
갑사댕기,"갑사,댕기"
입춘대길,"입춘,대길"
모이마당,"모이,마당"
진달래꽃,"진달래꽃"
물방앗간,"물방앗간"
둥구나무,"둥구,나무"
산모랭이,"산모랭이"
할아부지,"할아부지"
천만다행,"천만,다행"
꼭두새벽,"꼭두,새벽"
강근지친,"강근,지친"
일가친척,"일가,친척"
인민대중,"인민,대중"
뇌심초사,"뇌심,초사"
손자새끼,"손자,새끼"
남남북녀,"남남,북녀"
옴뚝가지,"옴뚝가지"
찌끄레기,"찌끄레기"
고랑탱이,"고랑탱이"
주전부리,"주전부리"
엄지발가락,"엄지,발가락"
용천뱅이,"용천뱅이"
멧비둘기,"멧비둘기"
패랭이꽃,"패랭이꽃"
개똥지빠귀,"개똥지빠귀"
곤줄박이,"곤줄박이"
멍석딸기,"멍석,딸기"
미륵바위,"미륵,바위"
노랫소리,"노랫소리"
산날맹이,"산날맹이"
하늬바람,"하늬바람"
동냥아치,"동냥아치"
윗주머니,"윗주머니"
가장자리,"가장자리"
전북도당,"전북,도당"
속주머니,"속주머니"
샛별담배,"샛별,담배"
한둔산부대,"한둔산,부대"
압록강부대,"압록강,부대"
동만주항,"동만주항"
과소평가,"과소,평가"
남북조선,"남북,조선"
재산현지당,"재산,현지당"
풍전등화,"풍전등화"
요소요소,"요소,요소"
석가모니,"석가모니"
사바세계,"사바,세계"
극락세계,"극락,세계"
가릉빈가,"가릉빈가"
우담바라화,"우담바라화"
만다라화,"만다라화"
핏덩어리,"핏덩어리"
의왕보살,"의왕,보살"
방방곡곡,"방방,곡곡"
지옥세계,"지옥,세계"
대천세계,"대천,세계"
동북아시아,"동북,아시아"
민주주의,"민주,주의"
마호메트,"마호메트"
중생살이,"중생살이"
천도복숭아,"천도,복숭아"
제석자두,"제석,자두"
총리대신,"총리,대신"
구실살이,"구실살이"
고굉지신,"고굉지신"
태평성세,"태평,성세"
복숭아나무,"복숭아,나무"
부귀영화,"부귀,영화"
분향재배,"분향,재배"
부귀공명,"부귀공명"
하루살이,"하루살이"
중음천도,"중음,천도"
대자대비,"대자,대비"
노심초사,"노심,초사"
염라대왕,"염라,대왕"
조목조목,"조목,조목"
비대발괄,"비대발괄"
부상대고,"부상,대고"
동족상잔,"동족,상잔"
마구잡이,"마구잡이"
좌우지간,"좌우지간"
근검절약,"근검,절약"
삼척동자,"삼척,동자"
청상과부,"청상,과부"
영구불변,"영구,불변"
우여곡절,"우여곡절"
천재지변,"천재지변"
상구보리,"상구,보리"
하화중생,"하화,중생"
백옥발우,"백옥,발우"
대중공양,"대중,공양"
갠지스강,"갠지스강"
자본주의,"자본,주의"
불문가지,"불문,가지"
사우나탕,"사우나탕"
후회막급,"후회,막급"
형이상학,"형이상학"
형이하학,"형이하학"
제일주의,"제일,주의"
황금만능주의,"황금,만능,주의"
절대주의,"절대,주의"
적자생존,"적자,생존"
계급투쟁,"계급,투쟁"
제국주의,"제국,주의"
이해관계,"이해,관계"
어릿광대,"어릿광대"
꼭두각시,"꼭두,각시"
달덩어리,"달덩어리"
지느러미,"지느러미"
무산대중,"무산,대중"
호령호령,"호령,호령"
안방마님,"안방,마님"
땅덩어리,"땅덩어리"
공산주의,"공산,주의"
우두머리,"우두머리"
패권주의,"패권,주의"
일상생활,"일상,생활"
연락부절,"연락,부절"
빵떡모자,"빵떡,모자"
마수걸이,"마수,걸이"
지팡막대,"지팡막대"
미결감방,"미결감방"
정치권력,"정치,권력"
영산회상,"영산,회상"
그리스도,"그리스도"
달음박질,"달음박질"
자작자수,"자작,자수"
딸각발이,"딸각발이"
사필귀정,"사필귀정"
안빈낙도,"안빈낙도"
사서삼경,"사서,삼경"
제자백가,"제자,백가"
가엄자친,"가엄,자친"
단사표음,"단사표음"
동서고금,"동서,고금"
인간지말,"인간지말"
수심정기,"수심,정기"
요지부동,"요지부동"
절학무우,"절학,무우"
우수마발,"우수마발"
삼족지멸,"삼족지멸"
조반석죽,"조반석죽"
근본정신,"근본,정신"
자존자율,"자존,자율"
준동함령,"준동,함령"
실유불성,"실유불성"
유정무정,"유정,무정"
직지인심,"직지,인심"
견성성불,"견성,성불"
이소역대,"이소역대"
필연패망,"필연,패망"
약육강식,"약육강식"
불가사의,"불가사의"
우자다언,"우자,다언"
지자불언,"지자,불언"
언자부지,"언자,부지"
절해고도,"절해,고도"
위리안치,"위리,안치"
억강부약,"억강부약"
부강억약,"부강억약"
춘추필법,"춘추,필법"
조족지혈,"조족지혈"
청맹과니,"청맹과니"
왕생극락,"왕생,극락"
살아생전,"살아생전"
부관참시,"부관참시"
상열지사,"상열지사"
정신문화,"정신,문화"
좌지우지,"좌지우지"
언어도단,"언어,도단"
생사여탈,"생사,여탈"
아비규환,"아비,규환"
망언사죄,"망언,사죄"
명철보신,"명철,보신"
세계만방,"세계,만방"
중계방송,"중계,방송"
아나운서,"아나운서"
조각구름,"조각,구름"
레지던트,"레지던트"
노랑머리,"노랑,머리"
황바가지,"황바가지"
팔자소관,"팔자,소관"
다사다망,"다사,다망"
사과나무,"사과,나무"
그리스도교,"그리스도교"
생로병사,"생로병사"
나무아미타불,"나무,아미타불"
고진감래,"고진감래"
불철주야,"불철주야"
경거망동,"경거,망동"
행복건설,"행복,건설"
신문팔이,"신문팔이"
우산팔이,"우산팔이"
엑스트라,"엑스트라"
안전사고,"안전,사고"
야간작업,"야간,작업"
불가항력,"불가항력"
엑스레이,"엑스레이"
일구이언,"일구,이언"
일도양단,"일도,양단"
자손만대,"자손,만대"
실천문학,"실천,문학"
북악빌라,"북악,빌라"
사내아이,"사내,아이"
건축업자,"건축,업자"
동서남북,"동서남북"
책상물림,"책상,물림"
할아버님,"할아버님"
백세청풍,"백세,청풍"
장강대필,"장강,대필"
배산임수,"배산,임수"
이인위미,"이인,위미"
슬레이트,"슬레이트"
판자때기,"판자때기"
남향받이,"남향받이"
맨드라미,"맨드라미"
구기터널,"구기,터널"
마른기침,"마른기침"
단전호흡,"단전,호흡"
대추나무,"대추,나무"
신혼살림,"신혼,살림"
시내버스,"시내,버스"
언덕배기,"언덕배기"
하우불이,"하우불이"
안성맞춤,"안성,맞춤"
사정사정,"사정,사정"
영업소장,"영업,소장"
가운뎃방,"가운뎃방"
연재소설,"연재,소설"
자력갱생,"자력,갱생"
호주머니,"호주머니"
유치원비,"유치원비"
이조가구,"이조,가구"
경성신문사,"경성,신문사"
전화번호부,"전화번호부"
흔들의자,"흔들,의자"
결혼기념일,"결혼,기념일"
국민학생,"국민,학생"
장삼이사,"장삼이사"
갓난쟁이,"갓난쟁이"
혀짤배기,"혀짤배기"
백의민족,"백의,민족"
소릿가락,"소릿가락"
영생불멸,"영생,불멸"
엉망진창,"엉망,진창"
마음자리,"마음,자리"
전자오락,"전자,오락"
가정교육,"가정,교육"
얼음보숭이,"얼음,보숭이"
민족의식,"민족,의식"
사파이어,"사파이어"
연극배우,"연극,배우"
영웅호걸,"영웅,호걸"
시험공부,"시험,공부"
주홍글씨,"주홍,글씨"
떠꺼머리,"떠꺼머리"
자위행위,"자위,행위"
담임선생,"담임,선생"
갑오경장,"갑오,경장"
아들아이,"아들,아이"
중국대사관,"중국,대사관"
날품팔이,"날품팔이"
아르바이트,"아르바이트"
반가부좌,"반가부좌"
무시무종,"무시,무종"
자연법칙,"자연,법칙"
선인선과,"선인,선과"
악인악과,"악인,악과"
넓적다리,"넓적다리"
옥바라지,"옥바라지"
생년월일,"생년,월일"
비상시국,"비상,시국"
놋재떨이,"놋재떨이"
마하반야,"마하,반야"
나무뿌리,"나무,뿌리"
안전장치,"안전,장치"
몸뚱어리,"몸뚱어리"
언감생심,"언감생심"
눈물바다,"눈물,바다"
무지렁이,"무지렁이"
어마지두,"어마지두"
피비린내,"피비린내"
아지랑이,"아지랑이"
우윳가루,"우윳가루"
흙덩어리,"흙덩어리"
궁둥방아,"궁둥방아"
육자배기,"육자배기"
사방탁자,"사방,탁자"
마디마디,"마디,마디"
최후통첩,"최후,통첩"
무량대수,"무량,대수"
고기비늘,"고기,비늘"
보리방아,"보리,방아"
필부필부,"필부,필부"
선민의식,"선민,의식"
유유자적,"유유,자적"
마른번개,"마른번개"
양자택일,"양자,택일"
회장저고리,"회장,저고리"
동백기름,"동백,기름"
치마허리,"치마,허리"
겉저고리,"겉저고리"
부부지간,"부부지간"
불덩어리,"불덩어리"
천주학당,"천주,학당"
부끄러움,"부끄러움"
실오라기,"실오라기"
다홍치마,"다홍,치마"
뒷주머니,"뒷주머니"
일일일야,"일일,일야"
영감탱이,"영감탱이"
일념즉시,"일념,즉시"
처성자옥,"처성자옥"
가시랑비,"가시랑비"
어둑새벽,"어둑,새벽"
모래무지,"모래무지"
허수아비,"허수아비"
우스갯소리,"우스갯소리"
프랑스제,"프랑스제"
여종업원,"여종업원"
담뱃가루,"담뱃가루"
사고방식,"사고,방식"
레스토랑,"레스토랑"
광주직할시,"광주,직할시"
소매치기,"소매치기"
바람잡이,"바람잡이"
카드잡이,"카드잡이"
본전치기,"본전치기"
사내새끼,"사내,새끼"
나무젓가락,"나무,젓가락"
포장마차,"포장,마차"
왈가왈부,"왈가왈부"
광주폭동,"광주,폭동"
대속순교,"대속,순교"
아프리카,"아프리카"
아미타불,"아미타불"
평안남도,"평안,남도"
스포츠지,"스포츠지"
앉은뱅이,"앉은뱅이"
십중팔구,"십중팔구"
이왕지사,"이왕지사"
인간관계,"인간,관계"
구두닦이,"구두,닦이"
경쟁의식,"경쟁,의식"
횡설수설,"횡설수설"
눈두덩이,"눈두덩이"
성인군자,"성인,군자"
오토바이,"오토바이"
등장인물,"등장,인물"
인사불성,"인사불성"
회의주의자,"회의,주의자"
집단주의자,"집단,주의자"
시베리아,"시베리아"
아랫마을,"아랫마을"
숨바꼭질,"숨바꼭질"
애매모호,"애매,모호"
꿍꿍이속,"꿍꿍이속"
헬리콥터,"헬리콥터"
동서지간,"동서지간"
나무줄기,"나무,줄기"
이기주의자,"이기,주의자"
찰거머리,"찰거머리"
종횡무진,"종횡,무진"
핵폐기물,"핵폐기물"
결사반대,"결사,반대"
지푸라기,"지푸라기"
가족회의,"가족,회의"
말똥구리,"말똥구리"
장바구니,"장바구니"
세상천지,"세상,천지"
산산조각,"산산,조각"
고깃덩이,"고깃덩이"
신진대사,"신진대사"
하나하나,"하나,하나"
국가안전보장국,"국가,안전,보장국"
고등학생,"고등학생"
생활수준,"생활,수준"
콘크리트,"콘크리트"
노동조합법,"노동,조합법"
재형저축,"재형,저축"
전국경제인협회,"전국,경제인,협회"
사제지간,"사제지간"
안보국장,"안보,국장"
일간지사,"일간지사"
옷매무새,"옷매무새"
원수지간,"원수지간"
담배꽁초,"담배,꽁초"
집게손가락,"집게,손가락"
비상사태,"비상,사태"
개머리판,"개머리판"
손톱자국,"손톱,자국"
애물단지,"애물단지"
천덕꾸러기,"천덕,꾸러기"
보통내기,"보통내기"
게으름뱅이,"게으름뱅이"
벌거숭이,"벌거숭이"
우격다짐,"우격,다짐"
프랑스식,"프랑스식"
안달복달,"안달,복달"
자동판매기,"자동,판매기"
바람개비,"바람,개비"
홀어머니,"홀어머니"
이쪽저쪽,"이쪽,저쪽"
총지휘자,"총지휘자"
세원극장,"세원,극장"
중간고사,"중간,고사"
성취동기,"성취,동기"
인생살이,"인생살이"
죽마고우,"죽마고우"
뒷꽁무니,"뒷꽁무니"
출판윤리심의위원회,"출판,윤리,심의,위원회"
박수무당,"박수,무당"
소강상태,"소강,상태"
노상강도,"노상,강도"
복덩어리,"복덩어리"
폭탄선언,"폭탄,선언"
우유부단,"우유부단"
사해동포주의,"사해,동포,주의"
사탕발림,"사탕,발림"
허심탄회,"허심,탄회"
임기응변,"임기,응변"
사무라이,"사무라이"
비상수단,"비상,수단"
기왕지사,"기왕지사"
순간순간,"순간,순간"
풍비박산,"풍비,박산"
돌대가리,"돌대가리"
구경거리,"구경거리"
더벅머리,"더벅,머리"
힘겨루기,"힘겨루기"
시행착오,"시행,착오"
히말라야,"히말라야"
공중분해,"공중,분해"
미치광이,"미치광이"
건강관리,"건강,관리"
가슴앓이,"가슴앓이"
창고지기,"창고지기"
외할머니,"외할머니"
외기러기,"외기러기"
돌연변이,"돌연,변이"
민물고기,"민물고기"
어처구니,"어처구니"
만사형통,"만사,형통"
산모퉁이,"산모퉁이"
왕거미줄,"왕거미줄"
흑질백장,"흑질백장"
개구쟁이,"개구쟁이"
보리피리,"보리,피리"
쑥대머리,"쑥대,머리"
선창머리,"선창,머리"
고무신점,"고무신점"
정신병자,"정신병자"
간이음식점,"간이,음식점"
미닫이문,"미닫이문"
머리끄덩이,"머리,끄덩이"
내동댕이,"내동댕이"
어리빙이,"어리빙이"
구레나룻,"구레나룻"
반거들충이,"반거들충이"
영수증철,"영수증철"
수중다리,"수중,다리"
면사무소,"면사무소"
협동조합,"협동,조합"
신파극단,"신파,극단"
서커스단,"서커스단"
보안서원,"보안,서원"
새침데기,"새침데기"
동네방네,"동네방네"
벼락부자,"벼락,부자"
나뭇조각,"나뭇조각"
괘종시계,"괘종,시계"
먹구름장,"먹구름장"
허벅다리,"허벅다리"
이불자락,"이불,자락"
치맛말기,"치맛말기"
어깻죽지,"어깻죽지"
안개구름,"안개,구름"
돼지고기,"돼지,고기"
팔뚝시계,"팔뚝,시계"
비닐봉지,"비닐,봉지"
파출소장,"파출,소장"
국민학교장,"국민,학교장"
작은아버지,"작은아버지"
바닷고기,"바닷고기"
사모관대,"사모,관대"
친아버지,"친아버지"
직업소개소,"직업,소개소"
보온밥통,"보온,밥통"
끝마무리,"끝마무리"
곱사등이,"곱사등이"
백열전등,"백열,전등"
아파트촌,"아파트촌"
불고깃집,"불고깃집"
해수욕장,"해수욕장"
공동묘지,"공동,묘지"
아침나절,"아침,나절"
세상살이,"세상살이"
공장살이,"공장살이"
두드러기,"두드러기"
갯지렁이,"갯지렁이"
의붓어미,"의붓어미"
은행나무,"은행,나무"
중늙은이,"중늙은이"
멸치잡이,"멸치잡이"
진달래나무,"진달래,나무"
쑥부쟁이,"쑥부쟁이"
쇠막대기,"쇠막대기"
산벚나무,"산벚,나무"
유리구슬,"유리,구슬"
달그림자,"달그림자"
박달나무,"박달,나무"
해매파출소,"해매,파출소"
가마닛값,"가마닛값"
플라스틱,"플라스틱"
고기잡이,"고기잡이"
페인트칠,"페인트칠"
시아저씨,"시아저씨"
모퉁잇길,"모퉁잇길"
엉덩방아,"엉덩방아"
가을걷이,"가을걷이"
네발짐승,"네발,짐승"
짚북데기,"짚북데기"
넌덜머리,"넌덜,머리"
장사바위,"장사,바위"
사범학교,"사범,학교"
동창회장,"동창,회장"
육성회장,"육성,회장"
우체국장,"우체,국장"
국민의례,"국민,의례"
만장일치,"만장,일치"
반동분자,"반동,분자"
사장나무,"사장,나무"
유릿조각,"유릿조각"
연락부원,"연락,부원"
사사건건,"사사건건"
도배종이,"도배,종이"
동저고리,"동저고리"
자연보호,"자연,보호"
아랫이빨,"아랫이빨"
파돗조각,"파돗조각"
못갖춘마디,"못갖춘마디"
태안반도,"태안,반도"
귀뚜라미,"귀뚜라미"
골목골목,"골목,골목"
파렴치한,"파렴치한"
그때그때,"그때,그때"
비몽사몽간,"비몽사몽간"
싸리나무,"싸리,나무"
장작더미,"장작,더미"
먹장구름,"먹장,구름"
조팝나무,"조팝,나무"
석횟가루,"석횟가루"
기공식장,"기공,식장"
전자계산기,"전자,계산기"
경리부장,"경리,부장"
요동반도,"요동,반도"
까까머리,"까까머리"
갯보리사초,"갯보리,사초"
자귀나무,"자귀,나무"
의붓아버지,"의붓아버지"
장인어른,"장인,어른"
녹동반도,"녹동,반도"
위원회장,"위원,회장"
장구벌레,"장구,벌레"
저녁노을,"저녁,노을"
보리새우,"보리,새우"
수챗구멍,"수챗구멍"
안내소장,"안내,소장"
청산가리,"청산,가리"
도둑고양이,"도둑,고양이"
작은사위,"작은사위"
소갈머리,"소갈머리"
사방팔방,"사방,팔방"
나무토막,"나무,토막"
아수라장,"아수라장"
작은처제,"작은처제"
초가지붕,"초가,지붕"
단발머리,"단발,머리"
작은아이,"작은아이"
저잣거리,"저잣거리"
눈물방울,"눈물,방울"
부대시설,"부대,시설"
탁잣바닥,"탁잣바닥"
앞치맛자락,"앞치맛자락"
햇병아리,"햇병아리"
바리데기,"바리데기"
몸살감기,"몸살,감기"
입술연지,"입술,연지"
절름발이,"절름발이"
초이렛날,"초이렛날"
외손주딸,"외손주딸"
오성물산,"오성,물산"
덩굴장미,"덩굴,장미"
측백나무,"측백,나무"
모과나무,"모과,나무"
후박나무,"후박,나무"
마호가니,"마호가니"
잔주름살,"잔주름살"
북악터널,"북악,터널"
파크호텔,"파크,호텔"
계수나무,"계수,나무"
철쭉나무,"철쭉,나무"
수도꼭지,"수도,꼭지"
물참나무,"물참,나무"
돌무더기,"돌무더기"
산등성이,"산등성이"
뭉게구름,"뭉게구름"
허무주의,"허무,주의"
노랫가락,"노랫가락"
의붓자식,"의붓자식"
신비주의,"신비,주의"
곱슬머리,"곱슬,머리"
역사주의,"역사,주의"
자랑거리,"자랑거리"
나물바구니,"나물,바구니"
먹사마귀,"먹사마귀"
나무다리,"나무,다리"
비렁뱅이,"비렁뱅이"
나무가리,"나무,가리"
꽃봉오리,"꽃봉오리"
바늘방석,"바늘,방석"
주인마누라,"주인,마누라"
사내자식,"사내,자식"
가슴앓이병,"가슴앓이병"
작은마누라,"작은마누라"
바느질감,"바느질감"
소태나무,"소태,나무"
방울방울,"방울,방울"
행주치마,"행주,치마"
소리마디,"소리,마디"
회오리바람,"회오리,바람"
멍석자리,"멍석,자리"
호밋자루,"호밋자루"
갈피갈피,"갈피,갈피"
통통걸음,"통통걸음"
버들가지,"버들,가지"
일시일시,"일시,일시"
양복바지,"양복,바지"
빨랫소리,"빨랫소리"
백도라지,"백도라지"
수세미오이,"수세미,오이"
쑤세미오이,"쑤세미,오이"
잠자리채,"잠자리채"
경성제국대학,"경성,제국,대학"
인사범절,"인사,범절"
시골뜨기,"시골뜨기"
목화송이,"목화,송이"
영화배우,"영화,배우"
나뭇가리,"나뭇가리"
두부찌개,"두부,찌개"
작은바늘,"작은바늘"
가지가지,"가지,가지"
아래윗동네,"아래윗동네"
회중전등,"회중,전등"
배은망덕,"배은,망덕"
타작마당,"타작,마당"
신성불가침,"신성,불가침"
얼음덩이,"얼음,덩이"
어젯저녁,"어젯저녁"
동냥자루,"동냥,자루"
연자방앗간,"연자,방앗간"
앉은걸음,"앉은걸음"
박석고개,"박석,고개"
일언일구,"일언,일구"
심심풀이,"심심풀이"
육법전서,"육법,전서"
버르장이,"버르장이"
사시나무,"사시,나무"
조선극장,"조선,극장"
책상머리,"책상,머리"
그날그날,"그날,그날"
가지각색,"가지각색"
아랫소리,"아랫소리"
화신상회,"화신,상회"
조선은행,"조선,은행"
나무판자,"나무,판자"
대동방적공장,"대동,방적,공장"
비틀걸음,"비틀,걸음"
요령부득,"요령부득"
첫손가락,"첫손가락"
손구루마,"손구루마"
쌀가마니,"쌀가마니"
쇠갈고리,"쇠갈고리"
공동변소,"공동,변소"
나들이옷,"나들이옷"
남산공원,"남산,공원"
조선신궁,"조선,신궁"
계급의식,"계급,의식"
만국공원,"만국,공원"
세숫대야,"세숫대야"
위험천만,"위험,천만"
귀머거리,"귀머거리"
자유노동자,"자유,노동자"
수수께끼,"수수께끼"
동분서주,"동분서주"
문전걸식,"문전,걸식"
버들피리,"버들,피리"
굽이굽이,"굽이,굽이"
교보문고,"교보,문고"
느티나무,"느티나무"
전쟁놀이,"전쟁,놀이"
횡단보도,"횡단,보도"
교통정리,"교통,정리"
부지점장,"부지점장"
안주머니,"안주머니"
시외버스,"시외,버스"
미니스커트,"미니,스커트"
해바라기,"해바라기"
레코드판,"레코드판"
월급봉투,"월급,봉투"
행방불명,"행방,불명"
영화감독,"영화,감독"
공중전화,"공중,전화"
사진작가,"사진,작가"
종로서적,"종로,서적"
큰아버지,"큰아버지"
백설공주,"백설,공주"
돌배나무,"돌배,나무"
옛이야기,"옛이야기"
송수화기,"송수화기"
안락의자,"안락,의자"
바닷가재,"바닷가재"
악세사리,"악세사리"
물뿌리개,"물뿌리개"
배냇저고리,"배냇저고리"
오피스텔,"오피스텔"
크림치즈,"크림,치즈"
여름휴가,"여름,휴가"
가정생활,"가정,생활"
전기밥통,"전기,밥통"
진공청소기,"진공,청소기"
볼멘소리,"볼멘소리"
가정환경,"가정,환경"
치마저고리,"치마,저고리"
큰어머니,"큰어머니"
바람둥이,"바람둥이"
연애편지,"연애,편지"
대중가요,"대중,가요"
고기잡이배,"고기잡이배"
물웅덩이,"물웅덩이"
시한폭탄,"시한,폭탄"
손사랫짓,"손사랫짓"
밀입국자,"밀입국자"
이야기책,"이야기책"
친정아버지,"친정,아버지"
고무풍선,"고무,풍선"
신발주머니,"신발,주머니"
톱니바퀴,"톱니,바퀴"
거스러미,"거스러미"
가정주부,"가정,주부"
이산화탄소,"이산화,탄소"
연세대학,"연세,대학"
오렌지족,"오렌지족"
패배주의,"패배,주의"
영웅주의,"영웅,주의"
부르주아,"부르주아"
문민정부,"문민,정부"
중앙정보부,"중앙,정보부"
알레르기,"알레르기"
구로공단,"구로,공단"
개뼈다귀,"개뼈다귀"
불임나무,"불임,나무"
안양교도소,"안양,교도소"
기념행사,"기념,행사"
조간신문,"조간,신문"
신상명세서,"신상,명세서"
개구장이,"개구장이"
취직자리,"취직,자리"
유물론자,"유물론자"
이상주의자,"이상,주의자"
소용돌이,"소용돌이"
뒷베란다,"뒷베란다"
애완동물,"애완,동물"
세계정세,"세계,정세"
마르크스주의,"마르크스,주의"
감정싸움,"감정,싸움"
비눗방울,"비눗방울"
구둣소리,"구둣소리"
뒷머리칼,"뒷머리칼"
인상착의,"인상,착의"
불온사상,"불온,사상"
용기백배,"용기,백배"
관자놀이,"관자,놀이"
모래사장,"모래,사장"
보물찾기,"보물찾기"
누비이불,"누비,이불"
지그재그,"지그재그"
시간문제,"시간,문제"
뉴질랜드,"뉴질랜드"
분리수거,"분리,수거"
시대착오자,"시대,착오자"
문제의식,"문제,의식"
육체관계,"육체,관계"
천편일률,"천편일률"
솜방망이,"솜방망이"
외눈박이,"외눈박이"
버르장머리,"버르장머리"
나팔바지,"나팔,바지"
꼬락서니,"꼬락서니"
폭력교실,"폭력,교실"
국무총리,"국무,총리"
전성시대,"전성,시대"
대학교수,"대학,교수"
활동사진,"활동,사진"
엄지손가락,"엄지,손가락"
대전차군단,"대전차,군단"
기승전결,"기승전결"
관광호텔,"관광,호텔"
머릿글자,"머릿글자"
눈가리개,"눈가리개"
왼손잡이,"왼손잡이"
오른손잡이,"오른손잡이"
고갯마루,"고갯마루"
굴레방다리,"굴레방,다리"
넝마주이,"넝마주이"
조무라기,"조무라기"
사실주의,"사실,주의"
꽁보리밥,"꽁보리밥"
서울신문사,"서울,신문사"
어중이떠중이,"어중이떠중이"
쓰르라미,"쓰르라미"
곡마단장,"곡마,단장"
박하사탕,"박하,사탕"
퉁방울눈,"퉁방울눈"
타향살이,"타향살이"
허허벌판,"허허벌판"
어부사시사,"어부,사시사"
급행열차,"급행,열차"
암행어사,"암행,어사"
무법지대,"무법,지대"
빡빡머리,"빡빡머리"
사물놀이,"사물,놀이"
쌍무지개,"쌍무지개"
송장거리,"송장거리"
청실홍실,"청실,홍실"
스무고개,"스무고개"
선화공주,"선화,공주"
특공대원,"특공,대원"
총천연색,"총천연색"
백만장자,"백만,장자"
조개구름,"조개,구름"
종려나무,"종려,나무"
한국일보사,"한국,일보사"
동막굴다리,"동막,굴다리"
남아프리카,"남아프리카"
꿀꿀이죽,"꿀꿀이죽"
동아일보,"동아,일보"
서울신문,"서울,신문"
경향신문,"경향,신문"
아현시장,"아현,시장"
현대극장,"현대,극장"
코스모스,"코스모스"
누가복음,"누가,복음"
공중제비,"공중,제비"
도리도리,"도리,도리"
포로수용소,"포로,수용소"
경보극장,"경보,극장"
고민거리,"고민거리"
청량리역,"청량리역"
남태평양,"남태평양"
금수강산,"금수,강산"
고래잡이,"고래잡이"
동아출판사,"동아,출판사"
백과사전,"백과,사전"
지리부도,"지리,부도"
입학시험,"입학,시험"
무전여행,"무전,여행"
잠재의식,"잠재,의식"
연애시대,"연애,시대"
무아지경,"무아지경"
콜럼비아,"콜럼비아"
가락국수,"가락,국수"
애걸복걸,"애걸,복걸"
미나리꽝,"미나리꽝"
장난꾸러기,"장난꾸러기"
고깔모자,"고깔,모자"
낙랑공주,"낙랑,공주"
성냥팔이,"성냥팔이"
식모살이,"식모살이"
필라델피아,"필라델피아"
술래잡기,"술래,잡기"
불가사리,"불가사리"
살덩어리,"살덩어리"
코미디언,"코미디언"
마름모꼴,"마름모꼴"
넙적다리,"넙적다리"
난형난제,"난형난제"
뒤꽁무니,"뒤꽁무니"
병정놀이,"병정,놀이"
허드렛일,"허드렛일"
기름종이,"기름,종이"
기둥서방,"기둥,서방"
우주전쟁,"우주,전쟁"
하늘나라,"하늘,나라"
투신자살,"투신,자살"
크리스마스,"크리스마스"
목노주점,"목노,주점"
샌드위치,"샌드위치"
오랑우탄,"오랑우탄"
남한산성,"남한,산성"
오동나무,"오동,나무"
훌라후프,"훌라후프"
상업은행,"상업,은행"
감상주의,"감상,주의"
물레방아,"물레,방아"
단종애사,"단종,애사"
주먹다짐,"주먹,다짐"
전문학교,"전문,학교"
물레방앗간,"물레,방앗간"
위조지폐,"위조,지폐"
가정교사,"가정,교사"
연극영화과,"연극,영화과"
도가니탕,"도가니탕"
막노동판,"막노동판"
신흥대학,"신흥,대학"
본마누라,"본마누라"
행려병자,"행려,병자"
이중생활,"이중,생활"
만능주의,"만능,주의"
인생유전,"인생,유전"
낙지볶음,"낙지,볶음"
오징어포,"오징어포"
산들바람,"산들바람"
무당벌레,"무당,벌레"
견물생심,"견물생심"
주택은행,"주택,은행"
홍보실장,"홍보,실장"
바퀴벌레,"바퀴,벌레"
비둘기장,"비둘기장"
목적의식,"목적,의식"
박애주의자,"박애,주의자"
관현악단,"관현,악단"
조선일보,"조선,일보"
주간한국,"주간,한국"
자유부인,"자유,부인"
코밑수염,"코밑,수염"
서울내기,"서울내기"
담쟁이덩굴,"담쟁이,덩굴"
미끄럼틀,"미끄럼틀"
소아마비,"소아,마비"
겨울바람,"겨울,바람"
예비고사,"예비,고사"
종로학원,"종로,학원"
서울공대,"서울,공대"
낭만주의자,"낭만,주의자"
겨울바다,"겨울,바다"
강릉사단,"강릉,사단"
영동공사,"영동,공사"
웅진출판사,"웅진,출판사"
편집부장,"편집,부장"
문학정신,"문학,정신"
현대소설,"현대,소설"
한국창작문학상,"한국,창작,문학상"
자유주의,"자유,주의"
청년문학인위원회,"청년,문학인,위원회"
문학사상,"문학,사상"
야전잠바,"야전,잠바"
미루나무,"미루,나무"
군데군데,"군데,군데"
전기난로,"전기,난로"
거수경례,"거수,경례"
멍텅구리,"멍텅구리"
사회주의자,"사회,주의자"
눈구덩이,"눈구덩이"
자본주의자,"자본,주의자"
진보주의자,"진보,주의자"
보수주의자,"보수,주의자"
백양나무,"백양,나무"
인신매매,"인샌,매매"
인신매매범,"인신,매매범"
너털웃음,"너털,웃음"
받아쓰기,"받아쓰기"
고생바가지,"고생바가지"
감옥살이,"감옥살이"
인정사정,"인정,사정"
점심시간,"점심,시간"
조무래기,"조무래기"
의기소침,"의기,소침"
경월소주,"경월,소주"
가시나무,"가시,나무"
기독교도,"기독교도"
낭만주의,"낭만,주의"
수사본부,"수사,본부"
유언비어,"유언,비어"
도깨비불,"도깨비불"
불순분자,"불순,분자"
낚싯바늘,"낚싯바늘"
기독병원,"기독,병원"
자연현상,"자연,현상"
들풀문화사,"들풀,문화사"
불교방송,"불교,방송"
탁상시계,"탁상,시계"
진주조개,"진주,조개"
체크무늬,"체크,무늬"
남방셔츠,"남방,셔츠"
망연자실,"망연,자실"
다연발탄,"다연발탄"
대한극장,"대한,극장"
비닐우산,"비닐,우산"
부정부패,"부정,부패"
사회단체,"사회,단체"
스카라극장,"스카라,극장"
수학여행,"수학,여행"
포장도로,"포장,도로"
마이동풍,"마이동풍"
사도신경,"사도신경"
난장이꽃,"난장이꽃"
쇠꼬챙이,"쇠꼬챙이"
바깥세상,"바깥,세상"
불꽃놀이,"불꽃,놀이"
눈조리개,"눈조리개"
아현고개,"아현,고개"
이마빼기,"이마빼기"
무화과나무,"무화과,나무"
행동거지,"행동,거지"
무위도식,"무위,도식"
호시탐탐,"호시,탐탐"
인수인계,"인수,인계"
삼각관계,"삼각,관계"
걱정거리,"걱정거리"
마른바람,"마른바람"
가슴패기,"가슴,패기"
일언반구,"일언,반구"
어릿광대짓,"어릿광대짓"
사금파리,"사금파리"
일생일대,"일생,일대"
양은그릇,"양은,그릇"
꽃샘바람,"꽃샘,바람"
양심선언,"양심,선언"
전자오락실,"전자,오락실"
구로구청,"구로,구청"
분신자살,"분신,자살"
돼지우리,"돼지,우리"
전기담요,"전기,담요"
여닫이문,"여닫이문"
기독교인,"기독교인"
석유난로,"석유,난로"
내일모레,"내일,모레"
가지치기,"가지,치기"
언어불통,"언어,불통"
악머구리,"악머구리"
무기력감,"무기력감"
전지가위,"전지,가위"
푸른언덕,"푸른언덕"
바깥양반,"바깥,양반"
술주정뱅이,"술주정뱅이"
인천시민회관,"인천,시민,회관"
총동원령,"총동원령"
각양각색,"각양,각색"
길모퉁이,"길모퉁이"
토막토막,"토막,토막"
누이동생,"누이,동생"
연탄집게,"연탄,집게"
신춘문예,"신춘,문예"
불가지론자,"불가지론자"
상업학교,"상업,학교"
낮도깨비,"낮도깨비"
농업학교,"농업,학교"
구렁텅이,"구렁텅이"
일사천리,"일사천리"
서울구치소,"서울,구치소"
비명횡사,"비명,횡사"
통일주체국민회의,"통일,주체,국민,회의"
이야깃거리,"이야깃거리"
영등포구치소,"영등포,구치소"
가려움증,"가려움증"
대꼬챙이,"대꼬챙이"
나뭇잎새,"나뭇잎새"
심리주의,"심리,주의"
종이비행기,"종이,비행기"
고문치사,"고문,치사"
인신매매단,"인신,매매단"
뒷이야기,"뒷이야기"
고춧가루,"고춧가루"
울음바다,"울음,바다"
삼일빌딩,"삼일,빌딩"
아랫부분,"아랫부분"
담뱃종이,"담뱃종이"
말없음표,"말없음표"
은사시나무,"은사시,나무"
배불뚝이,"배불뚝이"
플라타너스,"플라타너스"
새끼손가락,"새끼,손가락"
뒤치다꺼리,"뒤치다꺼리"
공업학교,"공업,학교"
춘하추동,"춘하추동"
백열전구,"백열,전구"
황산고개,"황산,고개"
작은할머니,"작은할머니"
맥고모자,"맥고,모자"
손님맞이,"손님맞이"
형제지간,"형제지간"
파마머리,"파마,머리"
부동자세,"부동,자세"
대막대기,"대막대기"
합성수지,"합성,수지"
읍사무소,"읍사무소"
피난살이,"피난살이"
부줏머리,"부줏머리"
도식주의,"도식,주의"
다원주의,"다원,주의"
물구나무,"물구나무"
암중모색,"암중,모색"
평안북도,"평안,북도"
말라깽이,"말라깽이"
공문서식,"공문,서식"
의사소통,"의사,소통"
시쳇소리,"시쳇소리"
허위의식,"허위,의식"
위문편지,"위문,편지"
막노동자,"막노동자"
이산가족,"이산,가족"
현실주의자,"현실,주의자"
작은창자,"작은창자"
달팽이관,"달팽이관"
콩나물국,"콩나물국"
혼잣기억,"혼잣기억"
좌충우돌,"좌충우돌"
민족중흥,"민족,중흥"
혼비백산,"혼비백산"
애시당초,"애시,당초"
교무처장,"교무,처장"
소꿉장난,"소꿉,장난"
시시각각,"시시각각"
부원장실,"부원장실"
어질머리,"어질머리"
고색창연,"고색,창연"
통나무집,"통나무집"
역삼각형,"역삼각형"
높은음자리,"높은음자리"
허파꽈리,"허파,꽈리"
푸른곰팡이,"푸른곰팡이"
올리브유,"올리브유"
안면부지,"안면부지"
필부필녀,"필부필녀"
색연필화,"색연필화"
악전고투,"악전,고투"
설거지통,"설거지통"
곤두박질,"곤두박질"
원산폭격,"원산,폭격"
가운뎃손가락,"가운뎃손가락"
종이쪽지,"종이,쪽지"
바튼기침,"바튼기침"
공중변소,"공중,변소"
완행버스,"완행,버스"
두메산골,"두메,산골"
징검다리,"징검다리"
붓글씨체,"붓글씨체"
서산마루,"서산,마루"
말똥가리,"말똥가리"
지레짐작,"지레짐작"
예비군복,"예비,군복"
얼룩무늬,"얼룩,무늬"
집게벌레,"집게,벌레"
총알구멍,"총알,구멍"
쿠웨이트,"쿠웨이트"
인제경찰서,"인제,경찰서"
사철나무,"사철,나무"
큰바위얼굴,"큰바위,얼굴"
시인잡지,"시인,잡지"
전원교향곡,"전원,교향곡"
김포공항,"김포,공항"
신성로마제국,"신성,로마,제국"
국립오페라극장,"국립,오페라,극장"
재롱동이,"재롱동이"
다다밋방,"다다밋방"
야단법석,"야단,법석"
중대가리,"중대가리"
고문관실,"고문,관실"
이조실록,"이조,실록"
대동야승,"대동,야승"
고려청자,"고려,청자"
시장바구니,"시장,바구니"
옷매무시,"옷매무시"
요조숙녀,"요조,숙녀"
찻주전자,"찻주전자"
약마복중,"약마복중"
상전옥답,"상전,옥답"
상전벽해,"상전,벽해"
섬잣나무,"섬잣,나무"
자드락길,"자드락길"
대청마루,"대청,마루"
골칫덩어리,"골칫덩어리"
누에고치,"누에,고치"
막불겅이,"막불겅이"
선견지명,"선견지명"
길흉화복,"길흉,화복"
모지랑이,"모지랑이"
일가붙이,"일가,붙이"
금성건설,"금성,건설"
아랫동네,"아랫동네"
일방통행,"일방,통행"
콧등거리,"콧등거리"
귓싸대기,"귓싸대기"
우양시장,"우양,시장"
오두막집,"오두막집"
발모가지,"발모가지"
구닥다리,"구닥다리"
사채놀이,"사채,놀이"
모전여전,"모전여전"
조각조각,"조각,조각"
아지랭이,"아지랭이"
가을바람,"가을,바람"
목민심서,"목민심서"
장화홍련,"장화홍련"
온고지신,"온고,지신"
잎파랑치,"잎파랑치"
회전의자,"회전,의자"
권토중래,"권토중래"
오리나무,"오리,나무"
아름드리,"아름드리"
밀짚모자,"밀짚,모자"
문방사우,"문방,사우"
관홍뇌락,"관홍,뇌락"
시기적절,"시기,적절"
입찬소리,"입찬소리"
황소고집,"황소,고집"
당꼬바지,"당꼬,바지"
인공호흡,"인공,호흡"
허섭스레기,"허섭스레기"
부등가리,"부등가리"
와각지쟁,"와각지쟁"
천둥벌거숭이,"천둥,벌거숭이"
코푸렁이,"코푸렁이"
새줄랑이,"새줄랑이"
만우난회,"만우난회"
고대광실,"고대,광실"
삼천갑자,"삼천,갑자"
심사숙고,"심사,숙고"
길라잡이,"길라잡이"
희희낙락,"희희낙락"
갈마바람,"갈마,바람"
쓰레기차,"쓰레기차"
해룡상사,"해룡,상사"
각계각층,"각계,각층"
명실상부,"명실,상부"
시가행진,"시가,행진"
사농공상,"사농공상"
제비뽑기,"제비,뽑기"
궁여지책,"궁여지책"
이전투구,"이전투구"
자리매김,"자리,매김"
중구난방,"중구,난방"
세마치장단,"세마치,장다"
수레바퀴,"수레,바퀴"
직업의식,"직업,의식"
천차만별,"천차,만별"
털벙거지,"털벙거지"
영산놀이,"영산,놀이"
보도국장실,"보도,국장실"
거두절미,"거두,절미"
주조정실,"주조정실"
천만부당,"천만부당"
결자해지,"결자,해지"
진둥걸음,"진둥걸음"
중앙방송국,"중앙,방송국"
분기충천,"분기,충전"
보푸라기,"보푸라기"
관심거리,"관심거리"
갯비린내,"갯비린내"
물실호기,"물실호기"
사면초가,"사면,초가"
우후죽순,"우후,죽순"
호사다마,"호사다마"
애국청년연합회의소,"애국,청년,연합,회의소"
호형호제,"호형,호제"
위원회원,"위원,회원"
방약무인,"방약무인"
나자식물,"나자,식물"
사정거리,"사정거리"
불문곡직,"불문,곡직"
인어공주,"인어,공주"
히로시마,"히로시마"
인민재판,"인민,재판"
변호사법,"변호사법"
불편부당,"불편,부당"
맹호부대,"맹호,부대"
청소년기,"청소년기"
구호물자,"구호,물자"
쑥덕공론,"쑥덕,공론"
온후박물관,"온후,박물관"
바닷비늘,"바닷비늘"
비뇨기과,"비뇨기과"
만병통치,"만병,통치"
견강부회,"견강,부회"
방사선실,"방사선실"
방아메뚜기,"방아,메뚜기"
멍엣상처,"멍엣상처"
현화식물,"현화,식물"
시종일관,"시종,일관"
금과옥조,"금과옥조"
고가누룩,"고가,누룩"
신변잡사,"신변,잡사"
늦배춧잎,"늦배춧잎"
기름방울,"기름,방울"
오망부리,"오망부리"
기상천외,"기상,천외"
연분홍색,"연분홍색"
무지갯빛,"무지갯빛"
개살구나무,"개살구,나무"
살구나무,"살구,나무"
매지구름,"매지,구름"
가오리연,"가오리연"
적반하장,"적반하장"
회리바람,"회리,바람"
주정뱅이,"주정뱅이"
미나리아재비,"미나리,아재비"
보릿고개,"보릿고개"
포복절도,"포복,절도"
목불인견,"목불인견"
돼지기름,"돼지,기름"
솟을대문,"솟을대문"
백년하청,"백년,하청"
격물치지,"격물,치지"
개교기념일,"개교,기념일"
탄탄대로,"탄탄,대로"
국립공원,"국립,공원"
당연지사,"당연지사"
자자손손,"자자손손"
문방구점,"문방구점"
단단무타,"단단무타"
모지랑비,"모지랑비"
명약관화,"명약관화"
문화원장,"문화,원장"
오비이락,"오비이락"
청개구리,"청개구리"
입신출세,"입신,출세"
호루라기,"호루라기"
노류장화,"노류,장화"
산진수궁,"산진수궁"
유구무언,"유구무언"
대갈일성,"대갈,일성"
기와지붕,"기와,지붕"
작은아들,"작은아들"
오그랑쪽박,"오그랑,쪽박"
나부랑이,"나부랑이"
비상소집,"비상,소집"
안면몰수,"안면,몰수"
불구대천,"불구대천"
삼삼오오,"삼삼오오"
백인백색,"백인,백색"
백가쟁명,"백가,쟁명"
곡학아세,"곡학,아세"
마포바지,"마포,바지"
국립묘지,"국립,묘지"
조령모개,"조령모개"
이현령비현령,"이현령비현령"
예의지국,"예의지국"
아랫사람,"아랫사람"
발분망식,"발분망식"
감불생심,"감불생심"
산해진미,"산해,진미"
산궁수진,"산궁,수진"
사제지정,"사제지정"
군사부일체,"군사부,일체"
격세지감,"격세지감"
분기탱천,"분기,탱천"
노기창천,"노기,창천"
동양척식회사,"동양,척식,회사"
무주공산,"무조,공산"
주마가편,"주마,가편"
동학지정,"동학지정"
일언지하,"일언지하"
천석지기,"천석지기"
불알시계,"불알,시계"
천라지망,"천라지망"
유유상종,"유유상종"
후릿그물,"후릿그물"
부화뇌동,"부화,뇌동"
부동명왕,"부동,명왕"
난명지안,"난명지안"
도폿자락,"도폿자락"
동문지정,"동문지정"
천애무봉,"천애무봉"
유한정정,"유한정정"
암코양이,"암코양이"
섬섬옥수,"섬섬,옥수"
이비인후과,"이비인후과"
묏봉우리,"묏봉우리"
허섭쓰레기,"허섭쓰레기"
구구절절,"구구절절"
일가친지,"일가,친지"
태연자약,"태연,자약"
천재일우,"천재,일우"
청출어람,"청출어람"
견원지간,"견원지간"
극기복례,"극기,복례"
두문불출,"두문불출"
공업용수,"공업,용수"
복지유체,"복지,유체"
두리기둥,"두리,기둥"
금강역사,"금강,역사"
잔돌멩이,"잔돌멩이"
송구영신,"송구,영신"
반신불수,"반신,불수"
시라소니,"시라소니"
방첩대원,"방첩,대원"
냉수마찰,"냉수,마찰"
기상나팔,"기상,나팔"
수레국화,"수레,국화"
가화만사성,"가화만사성"
정찰대장,"정찰,대장"
동의보감,"동의,보감"
털북숭이,"털북숭이"
노래자랑,"노래,자랑"
고성방가,"고성,방가"
징역살이,"징역살이"
연말연시,"연말,연시"
당황망조,"당황,망조"
공습경보,"공습,경보"
타격대원,"타격,대원"
까끄라기,"까끄라기"
국제사면위원회,"국제,사면,위원회"
몽당연필,"몽당,연필"
구룡폭포,"구룡,폭포"
소비에트국가,"소비에트,국가"
새마을교회,"새마을,교회"
소내신문,"소내,신문"
대역무도,"대역,무도"
가인박명,"가인,박명"
의무과장,"의무,과장"
몸뚱아리,"몸뚱아리"
취침나팔,"취침,나팔"
해괴망측,"해괴,망측"
공중그네,"공중,그네"
시종여일,"시종,여일"
응접탁자,"응접,탁자"
민족주의,"민족,주의"
명승고적,"명승,고적"
허방다리,"허방,다리"
수숫잎대,"수숫잎대"
박수갈채,"박수,갈채"
낙관주의,"낙관,주의"
백절불굴,"백절불굴"
초도순시,"초도,순시"
정보기관,"정보,기관"
소복단장,"소복,단장"
자기비판,"자기,비판"
새벽이슬,"새벽,이슬"
소두뱅이,"소두뱅이"
보통학교,"보통,학교"
개다리소반,"개다리,소반"
열무김치,"열무,김치"
밥상머리,"밥상,머리"
차렵저고리,"차렵,저고리"
새벽하늘,"새벽,하늘"
야반도주,"야반,도주"
휴천마을,"휴천,마을"
자루바가지,"자루,바가지"
파죽지세,"파죽지세"
지게목발,"지게,목발"
함양경찰서,"함양,경찰서"
총사령관,"총사령관"
매한가지,"매한가지"
불효자식,"불효,자식"
개마고원,"개마,고원"
전주교도소,"전주,교도소"
개구리복,"개구리복"
오르막길,"오르막길"
논산평야,"논산,평야"
못대가리,"못대가리"
석간신문,"석간,신문"
사각지대,"사각,지대"
결혼사진,"결혼,사진"
공기구멍,"공기,구멍"
플랑크톤,"플랑크톤"
천연기념물,"천연,기념물"
깨구락지,"깨구락지"
기암괴석,"기암,괴석"
물놀이터,"물놀이터"
기름쟁이,"기름쟁이"
물수제비,"물수제비"
막내동이,"막내동이"
고목나무,"고목,나무"
양재공장,"양재,공장"
노른자위,"노른자위"
눈물주머니,"눈물,주머니"
농축산물,"농축산물"
성동격서,"성동격서"
탄알받이,"탄알받이"
포도송이,"포도,송이"
영선공장,"영선,공장"
연탄난로,"연탄,난로"
맑스주의,"맑스,주의"
극렬분자,"극렬,분자"
말괄량이,"말괄량이"
연탄가스,"연탄,가스"
고슴도치,"고슴도치"
양떼구름,"양떼,구름"
엄동설한,"엄동,설한"
강아지풀,"강아지풀"
영양실조,"영양,실조"
옹이구멍,"옹이,구멍"
능소능대,"능소능대"
심심파적,"심심,파적"
겨울나무,"겨울,나무"
진눈깨비,"진눈깨비"
종무소식,"종무소식"
철창신세,"철창,신세"
시사영어,"시사,영어"
식물인간,"식물,인간"
은가락지,"은가락지"
어르신네,"어르신네"
자작나무,"자작,나무"
백전백승,"백전,백승"
호로자식,"호로자식"
구렛나룻,"구렛나룻"
악동독립군,"악동,독립군"
독립군가,"독립,군가"
암흑천지,"암흑,천지"
지도자연,"지도자연"
터서구니,"터서구니"
개과천선,"개과,천선"
무소불위,"무소불위"
거리거리,"거리거리"
부영극장,"부영,극장"
중부경찰서,"중부,경찰서"
코언저리,"코언저리"
전립선염,"전립선염"
초장파출소,"초장,파출소"
수수방관,"수수,방관"
내분비선,"내분비선"
내면세계,"내면,세계"
부산진역,"부산,진역"
서북청년단,"서북,청년단"
집안사람,"집안,사람"
대통령령,"대통령령"
대전교도소,"대전,교도소"
기둥뿌리,"기둥,뿌리"
산비둘기,"산비둘기"
뚝새기풀,"뚝새기풀"
굴레수염,"굴레,수염"
방물장수,"방물,장수"
천하대장군,"천하,대장군"
마룻기둥,"마룻기둥"
지겟작대기,"지겟작대기"
논다랭이,"논다랭이"
천둥지기,"천둥지기"
삼시랑이,"삼시랑이"
푸닥거리,"푸닥거리"
서대문형무소,"서대문,형무소"
조선총독부,"조선,총독부"
오리무중,"오리무중"
구들더께,"구들더께"
바깥출입,"바깥출입"
무남독녀,"무남,독녀"
옹기장수,"옹기,장수"
진두지휘,"진두지휘"
잔디찰방,"잔디,찰방"
총개머리,"총개머리"
상고머리,"상고,머리"
장호마을,"장호,마을"
갈재고개,"갈재,고개"
얼금뱅이,"얼금뱅이"
공기놀이,"공기,놀이"
연필깍이,"연필,깍이"
도토리깍정이,"도토리,깍정이"
남녀노소,"남녀노소"
삼각파도,"삼각,파도"
새물단청,"새물,단청"
우뭇가사리,"우뭇가사리"
암부엉이,"암부엉이"
천년만년,"천년,만년"
삼수갑산,"삼수,갑산"
코흘리개,"코흘리개"
얼럭광대,"얼럭,광대"
바지저고리,"바지,저고리"
난생처음,"난생,처음"
천질만질,"천질,만질"
배배선선,"배배선선"
길촌마을,"길촌,마을"
잔인무도,"잔인무도"
자기도취,"자기도취"
한길문학,"한길,문학"
쓰레받기,"쓰레,받기"
가로세로,"가로,세로"
보리가마니,"보리,가마니"
금상첨화,"금상첨화"
문선조장,"문선,조장"
문선조원,"문선,조원"
일망타진,"일망타진"
구수회의,"구수,회의"
비밀경찰,"비밀,경찰"
해외여행,"해외,여행"
동남아시아,"동남,아시아"
사우디아라비아,"사우디아라비아"
물바가지,"물바가지"
불쾌지수,"불쾌,지수"
피해망상,"피해,망상"
멸사봉공,"멸사,봉공"
안전제일,"안전,제일"
이쑤시개,"이쑤시개"
사랑싸움,"사랑,싸움"
안창따기,"안창따기"
사실무근,"사실,무근"
회색분자,"회색,분자"
볼따구니,"볼따구니"
우거지상,"우거지상"
비상식량,"비상,식량"
침묵시위,"침묵,시위"
총책임자,"총책임자"
위풍당당,"위풍당당"
금시초문,"금시초문"
웃음바다,"웃음,바다"
가장행렬,"가장,행렬"
엊그저께,"엊그저께"
순복음교회,"순복음,교회"
자급자족,"자급,자족"
이중장부,"이중,장부"
군고구마,"군고구마"
베이지색,"베이지색"
공산주의자,"공산,주의자"
아름다움,"아름다움"
기독교장로회,"기독교,장로회"
모밀국수,"모밀,국수"
삼화제지,"삼화,제지"
민주노조,"민주,노조"
노조위원장,"노조,위원장"
편집부원,"편집,부원"
의기투합,"의기,투합"
새벽기도자,"새벽,기도자"
굴진막장,"굴진,막장"
종이말이,"종이말이"
석탄가루,"석탄,가루"
기진맥진,"기진맥진"
오징어볶음,"오징어,볶음"
망원렌즈,"망원,렌즈"
호랑말코,"호랑말코"
조직부장,"조직,부장"
노무과장,"노무,과장"
민중주의,"민중,주의"
알몸뚱이,"알몸뚱이"
교육부장,"교육,부장"
교선부장,"교선,부장"
향락업소,"향락,업소"
서비스업,"서비스업"
관료주의,"관료,주의"
수정주의자,"수정,주의자"
경제주의,"경제,주의"
기회주의,"기회,주의"
교조주의,"교조,주의"
실무주의,"실무,주의"
사회민주주의,"사회,민주,주의"
자유민주주의,"자유,민주,주의"
스탈린주의,"스탈린,주의"
사회민주주의자,"사회,민주,주의자"
즉결처분,"즉결,처분"
사민주의,"사민,주의"
반공주의자,"반공,주의자"
공산단선언,"공산단,선언"
사회과학,"사회,과학"
국민총생산량,"국민,총생산량"
교조주의자,"교조,주의자"
관념주의자,"관념,주의자"
계급협조주의자,"계급,협조,주의자"
관념주의,"관념,주의"
의미심장,"의미심장"
의회주의,"의회,주의"
집단주의,"집단,주의"
알짜배기,"알짜,배기"
멋대가리,"멋대가리"
체육대회,"체육,대회"
무용지물,"무용지물"
해장국집,"해장국집"
사무국장,"사무,국장"
쑥스러움,"쑥스러움"
근친상간,"근친상간"
남산타워,"남산,타워"
주민등록,"주민,등록"
안경다리,"안경,다리"
광주학살,"광주,학살"
동광의료원,"동광,의료원"
원무과장,"원무,과장"
감방살이,"감방살이"
집행유예,"집행,유예"
청주교도소,"청주,교도소"
털복숭이,"털복숭이"
태백산맥,"태백,산맥"
수사계장,"수사,계장"
호구지책,"호구지책"
가정파괴범,"가정,파괴범"
도로교통법,"도로,교통법"
권선징악,"권선징악"
사언절구,"사언,절구"
무지랭이,"무지랭이"
수사과장,"수사,과장"
경찰서장,"경찰,서장"
돼기고기,"돼기,고기"
주변머리,"주변머리"
청년분과,"청년분과"
공단지역발전협의회,"공단,지역,발전,협의회"
자유수호연합,"자유,수호,연합"
떡두꺼비,"떡두꺼비"
두엄더미,"두엄,더미"
기정사실,"기정,사실"
구사대책위원회,"구사,대책,위원회"
동경전기,"동경,전기"
부가가치,"부가,가치"
한겨레신문,"한겨레,신문"
대동소이,"대동소이"
귀밑머리,"귀밑머리"
자재과장,"자재,과장"
수입품상,"수입품상"
여간내기,"여간내기"
오이냉국,"오이,냉국"
산미나리,"산미나리"
사무직원,"사무,직원"
우왕좌왕,"우왕좌왕"
노동조합가,"노동,조합가"
흐지부지,"흐지부지"
진퇴양난,"진퇴양난"
나무막대,"나무,막대"
절대절명,"절대,절명"
검부러기,"검부러기"
지역노조협의회,"지역,노조,협의회"
유신헌법,"유신,헌법"
뻐드렁니,"뻐드렁니"
개인주의자,"개인,주의자"
좌익소아병,"좌익,소아병"
단계론자,"단계론자"
기회주의자,"기회,주의자"
호언장담,"호언장담"
경제주의자,"경제,주의자"
맑스주의자,"맑스,주의자"
이상주의,"이상,주의"
중앙시장,"중앙,시장"
풍림상회,"풍림,상회"
무말랭이,"무말랭이"
세면도구,"세면,도구"
돼지비계,"돼지,비계"
예수쟁이,"예수쟁이"
강원청년회,"강원,청년회"
송장메뚜기,"송장,메뚜기"
상황실장,"상황,실장"
구내식당,"구내,식당"
천방지축,"천방지축"
셋방살이,"셋방살이"
신세타령,"신세,타령"
시라창고,"시라,창고"
귀싸대기,"귀싸대기"
욱신각신,"욱신각신"
피장파장,"피장파장"
교통순경,"교통,순경"
상판대기,"상판대기"
예수그리스도,"예수,그리스도"
간이식당,"간이,식당"
은성학원,"은성,학원"
사회사업체,"사회,사업체"
건설과장,"건설,과장"
건설과장실,"건설,과장실"
종이떼기,"종이,떼기"
쇠뭉둥이,"쇠뭉둥이"
소개업자,"소개,업자"
백수건달,"백수,건달"
여사무원,"여사무원"
군것질비,"군것질비"
성냥개비,"성냥개비"
노발대발,"노발대발"
하룻강아지,"하룻강아지"
삭월셋방,"삭월셋방"
고주망태,"고주망태"
골치덩이,"골치덩이"
운동모자,"운동,모자"
자식새끼,"자식,새끼"
후라이판,"후라이판"
소매치기단,"소매치기단"
방범대원,"방범,대원"
비서실장,"비서,실장"
재야인사,"재야,인사"
부마사이,"부마,사이"
백면서생,"백면,서생"
강변도로,"강변,도로"
다이빙대,"다이빙대"
중상모략,"중상모략"
애국정신,"애국,정신"
편집국장,"편집,국장"
국립대학,"국립,대학"
은인자중,"은인자중"
진절머리,"진절머리"
지상주의,"지상,주의"
살얼음판,"살얼음판"
권위주의,"권위,주의"
치마꼬리,"치마,꼬리"
씨알머리,"씨알머리"
우스갯말,"우스갯말"
어제오늘,"어제,오늘"
비상계엄,"비상,계엄"
역사학자,"역사,학자"
다다익선,"다다익선"
비상조치,"비상,조치"
편집국장실,"편집,국장실"
이야기판,"이야기판"
공공건물,"공공,건물"
천우신조,"천우신조"
사생결단,"사생결단"
인정머리,"인정머리"
자수성가,"자수성가"
삯바늘질,"삯바늘질"
홀홀단신,"홀홀단신"
배나무실,"배나무실"
옛날이야기,"옛날,이야기"
백포도주,"백포도주"
삼대독자,"삼대,독자"
백해무익,"백해,무익"
우국지사,"우국지사"
남북통일,"남북통일"
신출귀몰,"신출귀몰"
일거수일투족,"일거수일투족"
이구동성,"이구동성"
임시방편,"임시방편"
무량수전,"무량수전"
경상북도,"경상북도"
커피포트,"커피포트"
대서특필,"대서특필"
노동조합,"노동,조합"
감언이설,"감언이설"
좌중지란,"좌중지란"
전라남도,"전라남도"
대하소설,"대하,소설"
전문대학,"전문,대학"
소일거리,"소일거리"
우진건설,"우진,건설"
우진건설회사,"우진,건설,회사"
주식회사,"주식,회사"
모의고사,"모의고사"
육군사관학교,"육군,사관,학교"
관광버스,"관광,버스"
동대문시장,"동대문,시장"
실외투증후군,"실외투,증후군"
사주팔자,"사주,팔자"
삼성음료공사,"삼성,음료,공사"
청량음료,"청량,음료"
눈치코치,"눈치코치"
청량음료사,"청량,음료사"
생사고락,"생사고락"
서울청량음료사,"서울,청량,음료사"
욱일승천,"욱일,승천"
작취미성,"작취,미성"
미아리행,"미아리행"
청평유원지,"청평,유원지"
양수겸장,"양수,겸장"
인사과장,"인사,과장"
비일비재,"비일비재"
부자지간,"부자지간"
감사실장,"감사,실장"
양동작전,"양동,작전"
속전속결,"속전속결"
만고강산,"만고,강산"
도치고개,"도치,고개"
땅강아지,"땅강아지"
남자관계,"남자,관계"
샛별호텔,"샛별,호텔"
마포대교,"마포,대교"
숙박업소,"숙박,업소"
시상식장,"시상식장"
신경과민,"신경,과민"
인과응보,"인과응보"
벼락치기,"벼락치기"
평지풍파,"평지,풍파"
요모조모,"요모,조모"
몽유병자,"몽유병자"
의붓아비,"의붓아비"
주인아줌마,"주인,아줌마"
명성왕후,"명성왕후"
밥숟가락,"밥숟가락"
단골손님,"단골,손님"
자유분방,"자유,분방"
패가망신,"패가,망신"
사랑놀이,"사랑,놀이"
막내아들,"막내,아들"
영업시간,"영업,시간"
남녀평등,"남녀,평등"
언중유골,"언중,유골"
내친걸음,"내친걸음"
이중인격자,"이중,인격자"
지상주의자,"지상,주의자"
남산터널,"남산,터널"
지도부실,"지도,부실"
신흥극장,"신흥,극장"
북두칠성,"북두칠성"
연습장지,"연습,장지"
삼십육계,"삼십육계"
연합고사,"연합,고사"
시범학교,"시범,학교"
창씨개명,"창씨개명"
총알받이,"총알받이"
역사의식,"역사,의식"
탐관오리,"탐관오리"
꼭두각시놀음,"꼭두각시,놀음"
머리꼭지,"머리꼭지"
제국주의자,"제국,주의자"
사색당쟁,"사색당쟁"
학교생활,"학교,생활"
일각일각,"일각일각"
방패막이,"방패막이"
직사광선,"직사광선"
장사아치,"장사아치"
민중교육,"민중,교육"
불볕더위,"불볕,더위"
육성회비,"육성회비"
칠성회비,"칠성회비"
조카사위,"조카,사위"
낙하산식,"낙하산식"
맞대거리,"맞대거리"
상부상조,"상부상조"
배타주의,"배타,주의"
말썽꾸러기,"말썽꾸러기"
관동별곡,"관동,별곡"
호연지기,"호연지기"
아들내미,"아들내미"
인명사전,"인명,사전"
국어사전,"국어,사전"
무기정학,"무기,정학"
맞대고리,"맞대고리"
어불성설,"어불성설"
좌불안석,"좌불안석"
중동무이,"중동,무이"
학력고사,"학력고사"
백범일지,"백범,일지"
눈요깃감,"눈요깃감"
기절초풍,"기절초풍"
취사선택,"취사,선택"
눈껌뻑이,"눈껌뻑이"
엉너릿손,"엉너릿손"
육하원칙,"육하원칙"
오십보백보,"오십보,백보"
집단행동,"집단,행동"
신체검사,"신체,검사"
상용한자,"상용,한자"
응원단장,"응원,단장"
선도부원,"선도,부원"
서무과장,"서무,과장"
추풍낙엽,"추풍,낙엽"
교무과장,"교무,과장"
국민운동,"국민,운동"
이사장실,"이사장실"
평교사회,"평교사회"
원상회복,"원상,회복"
직원회의,"직원,회의"
일사분란,"일사분란"
어린왕자,"어린왕자"
유흥업소,"유흥,업소"
음독자살,"음독,자살"
이율배반,"이율배반"
고수부지,"고수부지"
집행부장,"집행,부장"
전국교직원노동조합,"전국,교직원,노동,조합"
공립학교,"공립,학교"
교육구청,"교육,구청"
사직공원,"사직,공원"
아파트군,"아파트군"
사무처장,"사무처장"
공동보조,"공동,보조"
사립학교,"사립,학교"
버즘나무,"버즘,나무"
함박웃음,"함박,웃음"
능수능란,"능수능란"
과일나무,"과일,나무"
팥배나무,"팥배,나무"
석루나무,"석루,나무"
앵두나무,"앵두,나무"
농지꺼리,"농지꺼리"
조강지처,"조강지처"
파고다공원,"파고다,공원"
따로국밥,"따로국밥"
갈매기살,"갈매기살"
전교협신문,"전교협,신문"
개망나니,"개망나니"
세모기둥,"세모,기둥"
경과보고,"경과,보고"
광주민주화운동,"광주,민주화,운동"
귀양살이,"귀양살이"
불자동차,"불자동차"
아연실색,"아연실색"
동창회비,"동창회비"
위계질서,"위계,질서"
웅변대회,"웅변,대회"
인신공격,"인신,공격"
민족정기,"민족,정기"
생활환경,"생활,환경"
새마을슈퍼,"새마을,슈퍼"
일수놀이,"일수,놀이"
일렬종대,"일렬,종대"
사각봉투,"사각,봉투"
흙구덩이,"흙구덩이"
입엣소리,"입엣소리"
일렬횡대,"일렬,횡대"
담임교사,"담임,교사"
우리교육,"우리,교육"
석유곤로,"석유,곤로"
반푼어치,"반푼어치"
무인지경,"무인지경"
크레파스,"크레파스"
혼수상태,"혼수,상태"
사람살이,"사람살이"
쇠부지깽이,"쇠부지깽이"
남대문시장,"남대문,시장"
산전수전,"산전수전"
독고다이,"독고다이"
태권도장,"태권도장"
지문찍기,"지문찍기"
머릿고기,"머릿고기"
큰마누라,"큰마누라"
작은동서,"작은동서"
미성년자,"미성년자"
배꼽수염,"배꼽,수염"
천하일색,"천하일색"
찾아보기,"찾아보기"
콩쥐팥쥐,"콩쥐,팥쥐"
심리학자,"심리,학자"
인도주의자,"인도,주의자"
천도교당,"천도교당"
십개성상,"십개,성상"
구곡간장,"구곡간장"
희로애락,"희로애락"
가마니때기,"가마니,때기"
동고동락,"동고동락"
고왕독맥,"고왕독맥"
브나로드,"브나로드"
댑싸리나무,"댑싸리,나무"
일망무제,"일망무제"
동물학자,"동물,학자"
쇠방망이,"쇠방망이"
바닷소리,"바닷소리"
딸깍발이,"딸깍발이"
얘깃거리,"얘깃거리"
삼순구식,"삼순구식"
아랫수염,"아랫수염"
솜바지저고리,"솜바지,저고리"
여름살이,"여름살이"
사서오경,"사서,오경"
고식지계,"고식지계"
낙목한천,"낙목한천"
적연부동,"적연부동"
뇌성벽력,"뇌성벽력"
산봉우리,"산봉우리"
화경청적,"화경청적"
온아적정,"온아적정"
현묘지경,"현묘,지경"
청천백일,"청천백일"
오가피차,"오가피차"
파안대소,"파안대소"
싱가포르,"싱가포르"
방우산장,"방우,산장"
화강석괴,"화강,석괴"
조선어학회,"조선어,학회"
막걸리집,"막걸리집"
기미운동,"기미,운동"
냉한삼두,"냉한삼두"
일언반사,"일언반사"
일시동인,"일시동인"
바로미터,"바로미터"
기염만장,"기염만장"
부인공론,"부인,공론"
태평양전쟁,"태평양,전쟁"
소아시아,"소아시아"
치지도외,"치지도외"
러시아어,"러시아어"
임진왜란,"임진왜란"
사대주의,"사대,주의"
앉은뱅이꽃,"앉은뱅이꽃"
허무주의자,"허무,주의자"
화룡점정,"화룡점정"
희비애락,"희비애락"
뉴멕시코,"뉴멕시코"
망망대해,"망망대해"
나그네길,"나그네길"
귀주머니,"귀주머니"
전염병실,"전염병실"
이야기체,"이야기체"
이야기꽃,"이야기꽃"
초어스름,"초어스름"
흉고직경,"흉고직경"
호랑가시,"호랑,가시"
밀화부리,"밀화부리"
인간주의,"인간,주의"
백화요란,"백화,요란"
포도나무,"포도,나무"
물단풍나무,"물단풍,나무"
흰불나방,"흰불,나방"
문학박사,"문학,박사"
이학박사,"이학,박사"
철학박사,"철학,박사"
안절부절,"안절부절"
천태만상,"천태만상"
귀언저리,"귀언저리"
초현실주의,"초현실,주의"
마음가짐,"마음가짐"
한삼덩굴,"한삼,덩굴"
초고추장,"초고추장"
본초강목,"본초강목"
독미나리,"독미나리"
인현왕후,"인현왕후"
원등거리,"원등거리"
함경남도,"함경남도"
사르비아,"사르비아"
비관주의,"비관,주의"
부정주의,"부정,주의"
단풍나무,"단풍,나무"
식도락가,"식도락가"
프랑스인,"프랑스인"
송이버섯,"송이,버섯"
겨우살이,"겨우살이"
별유세계,"별유,세계"
자운영꽃,"자운영꽃"
은방울꽃,"은방울꽃"
무강나무,"무강,나무"
청송오죽,"청송오죽"
수삽석남,"수삽석남"
대동운부군옥,"대동운부군옥"
수양버들,"수양,버들"
이깔나무,"이깔,나무"
성산주연,"성산,주연"
늦너구리,"늦너구리"
박학다식,"박학다식"
배따라기,"배따라기"
채색학자,"채색,학자"
구슬아기,"구슬,아기"
구름다리,"구름,다리"
주마간산,"주마간산"
산악회장,"산악,회장"
가정학과,"가정,학과"
식물학자,"식물,학자"
도연정기,"도연,정기"
너비아니,"너비아니"
웃저고리,"웃저고리"
더부살이,"더부살이"
무식쟁이,"무식쟁이"
잠용폭포,"잠용,폭포"
무풍폭포,"무풍,폭포"
관음폭포,"관음,폭포"
천인단애,"천인,단애"
역옹패설,"역옹패설"
백운소설,"백운,소설"
패관잡기,"패관잡기"
독사수필,"독사,수필"
한거수필,"한거,수필"
일신수필,"일신,수필"
심라만상,"심라만상"
서유견문,"서유견문"
산사일기,"산사,일기"
군사학교,"군사,학교"
송홧가루,"송홧가루"
주막거리,"주막거리"
고깃비늘,"고깃비늘"
장다리꽃,"장다리꽃"
목기러기,"목기러기"
신랑달기,"신랑달기"
똥강아지,"똥강아지"
건넛마을,"건넛마을"
총총걸음,"총총,걸음"
주재소장,"주재소장"
지붕마루,"지붕,마루"
능지처참,"능지처참"
디딜방앗간,"디딜,방앗간"
금의환향,"금의환향"
기겁초풍,"기겁,초풍"
세계주의,"세계,주의"
진보주의,"진보,주의"
연방주의,"연방,주의"
자유해방,"자유,해방"
팔방미인,"팔방,미인"
쾌락주의,"쾌락,주의"
중심주의,"중심,주의"
시대사상,"시대,사상"
관료학자,"관료,학자"
안심입명,"안심,입명"
성리학자,"성리,학자"
어림짐작,"어림짐작"
경전강론,"경전,강론"
삼강오상,"삼강오상"
역성혁명,"역성,혁명"
춘추대의,"춘추대의"
정신생활,"정신,생활"
천인합일,"천인,합일"
사단칠정,"사단칠정"
규범의식,"규범,의식"
실천궁행,"실천궁행"
살신성인,"살신성인"
도덕규범,"도덕,규범"
사리사욕,"사리사욕"
미풍양속,"미풍양속"
인의예지,"인의예지"
양명학자,"양명,학자"
정주학자,"정주,학자"
주지주의,"주지,주의"
주정주의,"주정,주의"
합리주의,"합리,주의"
사대주의자,"사대,주의자"
공리공론,"공리,공론"
보수주의,"보수,주의"
희생정신,"희생,정신"
주리론자,"주리론자"
척사위정,"척사,위정"
인존정신,"인존,정신"
기성세대,"기성,세대"
전통문화,"전통,문화"
외래문화,"외래,문화"
생활양식,"생활,양식"
정통주의,"정통,주의"
물질문명,"물질,문명"
줄다리기,"줄다리기"
차전놀이,"차전놀이"
고싸움놀이,"고싸움놀이"
도덕의식,"도덕,의식"
개나리꽃,"개나리꽃"
소방대원,"소방대원"
장터거리,"장터,거리"
여필종부,"여필종부"
해방론자,"해방론자"
재주넘기,"재주넘기"
귀염둥이,"귀염둥이"
입후보자,"입후보자"
흑색선전,"흑색,선전"
불원천리,"불원천리"
매화나무,"매화,나무"
절량농가,"절량,농가"
특수학교,"특수,학교"
문명국가,"문명,국가"
새끼주머니,"새끼,주머니"
심산유곡,"심산유곡"
군것질감,"군것질감"
석류나무,"석류,나무"
바우고개,"바우,고개"
사통오달,"사통오달"
농경문화,"농경,문화"
애옥살이,"애옥살이"
아랫나루터,"아랫나루터"
중고등학교,"중고등,학교"
위기의식,"위기,의식"
땟구정물,"땟구정물"
새해맞이,"새해맞이"
소슬바람,"소슬,바람"
농경민족,"농경,민족"
가전제품,"가전,제품"
모화사상,"모화,사상"
물질주의,"물질,주의"
대대손손,"대대손손"
경비행기,"경비행기"
하이에나,"하이에나"
모험주의,"모험,주의"
커피나무,"커피,나무"
구릉지대,"구릉,지대"
고수머리,"고수,머리"
문학청년,"문학,청년"
개신교회당,"개신,교회당"
천주교회,"천주,교회"
탈지분유,"탈지,분유"
통행금지,"통행,금지"
전쟁고아,"전쟁,고아"
사회봉사,"사회,봉사"
정교분리,"정교,분리"
장돌뱅이,"장돌뱅이"
앉은뱅이책상,"앉은뱅이,책상"
시래기죽,"시래기죽"
솜저고리,"솜저고리"
누비저고리,"누비,저고리"
상이군인,"상이,군인"
동사무소,"동사무소"
삯바느질,"삯바느질"
한뎃바람,"한뎃바람"
가렴주구,"가렴주구"
남부여대,"남부여대"
버들강아지,"버들,강아지"
홀시어머니,"홀시어머니"
응석둥이,"응석둥이"
외동아들,"외동,아들"
적수공권,"적수,공권"
주체사상,"주체,사상"
남북문제,"남북,문제"
열등의식,"열등,의식"
군사령부,"군사령부"
뾰족구두,"뾰족구두"
애젊은이,"애젊은이"
농림학교,"농림,학교"
영고성쇠,"영고,성쇠"
인명재천,"인명,재천"
과대망상,"과대망상"
인명재차,"인명재차"
안분자족,"안분자족"
부양가족,"부양,가족"
고심참담,"고심,참담"
정신주의,"정신,주의"
우선주의,"우선,주의"
고급문화,"고급,문화"
민간단체,"민간,단체"
위안거리,"위안거리"
도덕군자,"도덕군자"
환경오염,"환경,오염"
배금주의,"배금,주의"
준법정신,"준법,정신"
배금사상,"배금,사상"
기득권자,"기득권자"
무한궤도,"무한,궤도"
현실론자,"현실론자"
회의론자,"회의론자"
탁상공론,"탁상공론"
치안특수대,"치안,특수대"
출세주의,"출세,주의"
현실주의,"현실,주의"
피해망상증,"피해,망상증"
공중도덕,"공중,도덕"
기하급수,"기하급수"
접객업소,"접객,업소"
시민운동,"시민,운동"
퇴폐풍조,"퇴폐풍조"
사회사업,"사회,사업"
강경론자,"강경론자"
행방불명자,"행방,불명자"
인도주의,"인도,주의"
초가삼간,"초가,삼간"
교육학자,"교육,학자"
허송세월,"허송세월"
응급조치,"응급,조치"
지옥살이,"지옥살이"
백년대계,"백년대계"
정신분석학자,"정신,분석,학자"
실존주의,"실존,주의"
무장봉기,"무장,봉기"
자중지란,"자중지란"
당리당략,"당리당략"
국태민안,"국태민안"
오페라단,"오페라단"
교향악단,"교향악단"
태평성대,"태평성대"
사글셋방,"사글셋방"
이해득실,"이해득실"
권모술수,"권모,술수"
집안싸움,"집안,싸움"
이합집산,"이합,집산"
허장성세,"허장,성세"
정신대원,"정신,대원"
황금만능,"황금,만능"
한탕주의,"한탕,주의"
보신주의,"보신,주의"
적당주의,"적당,주의"
인공위성,"인공,위성"
무소불능,"무소,불능"
문화생활,"문화,생활"
무기물체,"무기물체"
교통지옥,"교통,지옥"
고도성장,"고도,성장"
천정부지,"천정부지"
지역감정,"지역,감정"
카자흐인,"카자흐인"
문민정치,"문민,정치"
안민복락,"안민,복락"
자린고비,"자린,고비"
소비문화,"소비,문화"
가재도구,"가재,도구"
이타주의,"이타,주의"
혼연일체,"혼연,일체"
바보상자,"바보,상자"
공공시설,"공공,시설"
국수주의자,"국수,주의자"
사무총장,"사무,총장"
오매불망,"오매불망"
자유세계,"자유,세계"
선결문제,"선결,문제"
두릅나물,"두릅,나물"
목엣가시,"목엣가시"
고정간첩,"고정,간첩"
용두사미,"용두사미"
실용주의,"실용,주의"
산업공해,"산업,공해"
대리전쟁,"대리,전쟁"
무신론자,"무신론자"
보리누름,"보리누름"
바람맞이,"바람맞이"
아나운서실,"아나운서실"
논공행상,"논공행상"
중앙정보부장,"중앙,정보,부장"
기념식장,"기념식장"
호가호위,"호가호위"
사절단장,"사절,단장"
언어활동,"언어,활동"
가가대소,"가가대소"
시청취자,"시청취자"
뒷마무리,"뒷마무리"
전대미문,"전대미문"
구내전화,"구내,전화"
신중론자,"신중론자"
설상가상,"설상가상"
사발시계,"사발,시계"
불여일견,"불여일견"
새벽바람,"새벽,바람"
천양지판,"천양지판"
갓난아이,"갓난아이"
중경상자,"중경,상자"
사관학교,"사관,학교"
이실직고,"이실직고"
대법원장,"대법,원장"
환영식장,"환영,식장"
상이용사,"상이,용사"
민간요법,"민간,요법"
개발도상국,"개발,도상국"
자주국방,"자주,국방"
쓰레기장,"쓰레기장"
특별시장,"특별,시장"
경향신문사장,"경향,신문,사장"
골칫거리,"골칫거리"
이열치열,"이열치열"
이이제이,"이이제이"
머리글자,"머리,글자"
교통안전,"교통,안전"
운동선수,"운동,선수"
역마직성,"역마직성"
소금절이,"소금절이"
시시비비,"시시비비"
비분강개,"비분강개"
일산화탄소,"일산화탄소"
동물도감,"동물,도감"
박람회장,"박람회장"
음양오행,"음양오행"
방송국장,"방송,국장"
일희일비,"일희일비"
선남선녀,"선남선녀"
편지꽂이,"편지꽂이"
저명인사,"저명,인사"
천지개벽,"천지개벽"
대중음식점,"대중,음식점"
경계경보,"경계,경보"
아니운서,"아니운서"
천둥소리,"천둥,소리"
인민방송원,"인민,방송원"
억하심정,"억하,심정"
자업타득,"자업타득"
기조연설,"기조,연설"
인간문화재,"인간,문화재"
대한뉴스,"대한,뉴스"
평아나운서,"평아나운서"
보도부장,"보도,부장"
한글세대,"한글,세대"
천하장사,"천하,장사"
인산인해,"인산인해"
청산유수,"청산유수"
사회자석,"사회,자석"
통통어선,"통통어선"
일엽편주,"일엽,편주"
뉴스거리,"뉴스거리"
사기도박,"사기,도박"
정년퇴직,"정년,퇴직"
몰아지경,"몰아지경"
어슴새벽,"어슴새벽"
거짓부렁,"거짓부렁"
애국주의,"애국,주의"
국수주의,"국수,주의"
구석차기,"구석차기"
모서리차기,"모서리차기"
머리박기,"머리박기"
반대론자,"반대론자"
바람구멍,"바람,구멍"
국어학자,"국어,학자"
자가당착,"자가당착"
구렛나루,"구렛나루"
사랑앵무,"사랑,앵무"
사팔뜨기,"사팔뜨기"
소금쟁이,"소금쟁이"
막상막하,"막상막하"
이역만리,"이역만리"
증명사진,"증명,사진"
중언부언,"중언부언"
생면부지,"생면부지"
동류의식,"동류,의식"
새침떼기,"새침떼기"
모자지간,"모자지간"
일확천금,"일확천금"
잠꾸러기,"잠꾸러기"
신주머니,"신주머니"
연필꽂이,"연필꽂이"
애늙은이,"애늙은이"
외나무다리,"외나무,다리"
어린이회,"어린이회"
공동생활,"공동,생활"
돈주머니,"돈주머니"
일화명충,"일화,명충"
탄산음료,"탄산,음료"
채식주의자,"채식,주의자"
복합오염,"복합,오염"
사향노루,"사향,노루"
증산주의,"증산,주의"
양특자금,"양특,자금"
건강식품,"건강,식품"
디딜방아,"디딜방아"
화학조미료,"화학,조미료"
기침감기,"기침,감기"
초근목피,"초근목피"
돼지나물,"돼지,나물"
안전지대,"안전,지대"
자연조건,"자연,조건"
대중교통,"대중,교통"
민중주의자,"민중,주의자"
유기농업,"유기농업"
뿌리채소,"뿌리,채소"
신토불이,"신토불이"
된장찌개,"된장,찌개"
만수무강,"만수무강"
돌미나리,"돌미나리"
고기반찬,"고기,반찬"
복고주의,"복고,주의"
염화나트륨,"염화나트륨"
식품업자,"식품,업자"
유통업자,"유통,업자"
농수산부,"농수산부"
열매채소,"열매,채소"
수출입국,"수출입국"
거적때기,"거적때기"
흰가루병,"흰가루병"
사흘거리,"사흘,거리"
호르몬제,"호르몬제"
잎줄기채소,"잎줄기,채소"
곰팡이병,"곰팡이병"
농수산물,"농수산물"
말라리아,"말라리아"
천연자원,"천연,자원"
사시사철,"사시사철"
이어짓기,"이어짓기"
개성배추,"개성,배추"
결구배추,"결구,배추"
청방배추,"청방,배추"
솎음배추,"솎음,배추"
십이지장충,"십이지장충"
유기농법,"유기농법"
배추김치,"배추,김치"
반결구배추,"반결구,배추"
초양념장,"초양념장"
안존주의,"안존,주의"
물량기득권주의,"물량,기득권,주의"
기술관료주의,"기술,관료,주의"
자연무한주의,"자연,무한,주의"
파괴주의,"파괴,주의"
물량주의,"물량,주의"
아미노산,"아미노산"
축산업자,"축산,업자"
원시생활,"원시,생활"
머슴살이,"머슴살이"
자중지난,"자중지난"
유기농산물,"유기농산물"
먹거리학,"먹거리학"
화학제품,"화학,제품"
독야청청,"독야청청"
농업용수,"농업,용수"
편의주의,"편의,주의"
이해타산,"이해타산"
아황산가스,"아황산가스"
쏙음배추,"쏙음,배추"
알타리무,"알타리무"
민속학도,"민속,학도"
마당놀이,"마당놀이"
가을갈이,"가을갈이"
전원시인,"전원,시인"
일모작답,"일모,작답"
보리농사,"보리,농사"
깡보리밥,"깡보리밥"
보리타작,"보리,타작"
가루음식,"가루,음식"
양특적자,"양특,적자"
과수나무,"과수,나무"
형제자매,"형제,자매"
윗어금니,"윗어금니"
관혼상제,"관혼상제"
십시일반,"십시일반"
후안무치,"후안무치"
풍년기근,"풍년,기근"
증산이기주의,"증산,이기,주의"
자연식품,"자연,식품"
시대착오,"시대,착오"
인정세태,"인정,세태"
안살림살이,"안살림살이"
논밭갈이,"논밭갈이"
반거충이,"반거충이"
공개서한,"공개,서한"
몽달귀신,"몽달,귀신"
적막강산,"적막,강산"
주먹구구,"주먹구구"
촌무지렁이,"촌무지렁이"
원공제료,"원공제료"
출세가도,"출세,가도"
암송아지,"암송아지"
황송아지,"황송아지"
쇠똥칠갑,"쇠똥칠갑"
쇠뼈다귀,"쇠뼈다귀"
독수공방,"독수공방"
단감나무,"단감,나무"
동성연애,"동성,연애"
베잠방이,"베잠방이"
땅따먹기,"땅따먹기"
정자나무,"정자,나무"
당산나무,"당산,나무"
더위식힘,"더위,식힘"
이웃사촌,"이웃,사촌"
보리갈이,"보리,갈이"
고관대작,"고관대작"
포유동물,"포유,동물"
범장다리,"범장,다리"
친동기간,"친동기간"
구사일생,"구사,일생"
육체노동,"육체,노동"
낙농업자,"낙농,업자"
산전배미,"산전,배미"
산논배미,"산논,배미"
농지매매법,"농지,매매법"
외톨박이,"외톨박이"
부재지주,"부재지주"
경제학자,"경제,학자"
민족굿위원장,"민족굿,위원장"
대잡이굿,"대잡이굿"
민족굿학자,"민족굿,학자"
길놀이굿,"길놀이굿"
마당굿패,"마당굿패"
공동체굿,"공동체굿"
국제공항,"국제,공항"
살생농법,"살생,농법"
줄기채소,"줄기,채소"
삼복더위,"삼복,더위"
꼬부랑말,"꼬부랑말"
완전식품,"완전,식품"
노적가리,"노적가리"
유전자공학,"유전자,공학"
도피주의자,"도피,주의자"
기간산업,"기간,산업"
성장패권주의,"성장,패권,주의"
외할아버지,"외할아버지"
모리간상배,"모리간상배"
인민학교,"인민,학교"
외손녀딸,"외손녀딸"
누에치기,"누에치기"
고무줄놀이,"고무줄놀이"
사방치기,"사방치기"
인민군대,"인민,군대"
고무호스,"고무,호스"
개선장군,"개선,장군"
소년단원,"소년,단원"
꽃바구니,"꽃바구니"
소년단실,"소년단실"
색동저고리,"색동,저고리"
무력시위,"무력,시위"
반고수머리,"반고수,머리"
유격대원,"유격,대원"
작업반장,"작업,반장"
형형색색,"형형색색"
학수고대,"학수고대"
뒷면치기,"뒷면치기"
청년근위대,"청년근위대"
직사각형,"직사각형"
부중대장,"부중대장"
비상근무,"비상,근무"
전투태세,"전투,태세"
청천벽력,"청천벽력"
공중목욕탕,"공중,목욕탕"
집단생활,"집단,생활"
부참모장,"부참모장"
정치사상,"정치,사상"
여특무장,"여특무장"
한일사전,"한일,사전"
강냉이밥,"강냉이밥"
인민반장,"인민,반장"
인민반원,"인민,반원"
무단결석,"무단,결석"
남산학교,"남산,학교"
독립투사,"독립,투사"
김장거리,"김장거리"
사탕가루,"사탕,가루"
며늘아이,"며늘아이"
사회안전부,"사회,안전부"
옥수수기름,"옥수수,기름"
함경도식,"함경도식"
동거살이,"동거살이"
며느리감,"며느리감"
일거일동,"일거일동"
업간체조,"업간,체조"
에스파니아어,"에스파니아어"
유일사상,"유일,사상"
위원장실,"위원장실"
자초지정,"자초지정"
현모양처,"현모양처"
과실나무,"과실,나무"
지하공작,"지하,공작"
예의범절,"예의범절"
동병상련,"동병상련"
형식주의,"형식,주의"
전심전력,"전심,전력"
교통질서,"교통,질서"
세수수건,"세수,수건"
그림엽서,"그림,엽서"
검문검색,"검문,검색"
가스라이터,"가스,라이터"
교통수단,"교통,수단"
우황청심환,"우황청심환"
무단이탈,"무단,이탈"
고무도장,"고무,도장"
생활필수품,"생활,필수품"
식료품점,"식료품점"
수건돌리기,"수건,돌리기"
침례교회,"침례,교회"
마음고생,"마음,고생"
위조지폐범,"위조,지폐범"
골수분자,"골수분자"
동백나무,"동백,나무"
돌하루방,"돌하루방"
불구덩이,"불구덩이"
자유주의자,"자유,주의자"
축구부실,"축구,부실"
축구부장,"축구,부장"
측은지심,"측은지심"
때죽나무,"때죽,나무"
야자나무,"야자,나무"
방아깨비,"방아깨비"
기름걸레,"기름,걸레"
신비주의자,"신비주의자"
세숫비누,"세숫비누"
오랑캐꽃,"오랑캐꽃"
표고버섯,"표고,버섯"
느타리버섯,"느타리,버섯"
두부전골,"두부,전골"
억지웃음,"억지,웃음"
목련공원,"목련,공원"
가시덤불,"가시,덤불"
자기중심,"자기,중심"
모듬살이,"모듬살이"
건공대매,"건공대매"
호호백발,"호호백발"
떨기나무,"떨기,나무"
다듬잇돌,"다듬잇돌"
혈연관계,"혈연,관계"
주기율표,"주기율표"
가위바위보,"가위,바위,보"
산중살이,"산중살이"
외국살이,"외국살이"
일석이조,"일석이조"
단칸방살이,"단칸방살이"
닭대가리,"닭대가리"
사립대학,"사립,대학"
천변만화,"천변만화"
관포지교,"관포지교"
순치지세,"순치지세"
화갱염매,"화갱,염매"
개똥철학,"개똥,철학"
사십구재,"사십구재"
이물질감,"이물질감"
정삼각형,"정삼각형"
양가감정,"양가,감정"
며느릿감,"며느릿감"
금성철벽,"금성철벽"
도움닫기,"도움닫기"
무임승차,"무임,승차"
입신양명,"입신양명"
아랫계단,"아랫계단"
초등학생,"초등학생"
무전취식자,"무전,취식자"
과대평가,"과대,평가"
사건기자,"사건,기자"
제자리걸음,"제자리,걸음"
아시아인,"아시아인"
그리스인,"그리스인"
전시회장,"전시회장"
코고무신,"코고무신"
무풍지대,"무풍,지대"
영한사전,"영한,사전"
함석지붕,"함석,지붕"
칠판지우개,"칠판,지우개"
대바구니,"대바구니"
물그림자,"물그림자"
초등학교,"초등,학교"
자리싸움,"자리,싸움"
문학소녀,"문학,소녀"
소보로빵,"소보로빵"
해양학자,"해양,학자"
호국단장,"호국,단장"
정경부인,"정경,부인"
휴짓조각,"휴짓조각"
주먹세례,"주먹,세례"
비관론자,"비관론자"
염세주의,"염세,주의"
순회공연,"순회,공연"
탈선행위,"탈선,행위"
일회용품,"일회용품"
위험인물,"위험,인물"
애국주의자,"애국,주의자"
일촉즉발,"일촉즉발"
솔선수범,"솔선수범"
미숫가루,"미숫가루"
이두박근,"이두박근"
단춧구멍,"단춧구멍"
지하보도,"지하,보도"
방사선과,"방사선과"
엄지발톱,"엄지,발톱"
소꿉놀이,"소꿉놀이"
적산가옥,"적산가옥"
자기만족,"자기,만족"
사회의식,"사회,의식"
마댓자루,"마댓자루"
평생직장,"평생,직장"
음풍농월,"음풍농월"
자원입대,"자원,입대"
정국공신,"정국,공신"
꼬치구이,"꼬치,구이"
말더듬이,"말더듬이"
일심동체,"일심동체"
행랑아범,"행랑,아범"
극장식당,"극장,식당"
미식축구,"미식,축구"
냉소주의,"냉소,주의"
속도위반,"속도,위반"
붕우지도,"붕우,지도"
장물아비,"장물아비"
야끼만두,"야끼,만두"
러브호텔,"러브,호텔"
결혼반지,"결혼,반지"
한인회장,"한인,회장"
브라질행,"브라질행"
민간사절,"민간,사절"
유비무환,"유비무환"
득의만면,"득의만면"
다음다음,"다음,다음"
골목대장,"골목,대장"
물오징어,"물오징어"
자가발전,"자가,발전"
사자성어,"사자성어"
어두육미,"어두육미"
머리싸움,"머리,싸움"
쓰레기봉투,"쓰레기,봉투"
공원묘지,"공원,묘지"
종이봉투,"종이,봉투"
기본자세,"기본,자세"
신장개업,"신장,개업"
인기투표,"인기,투표"
수간호사,"수간호사"
회오리주,"회오리주"
가족계획,"가족,계획"
간뇌도지,"간뇌,도지"
먹을거리,"먹을거리"
산엉덩이,"산엉덩이"
상해치상,"상해,치상"
잠복근무,"잠복,근무"
고리대금,"고리,대금"
고리대금업자,"고리,대금,업자"
총학생회,"총학생회"
강력계장,"강력,계장"
학생회실,"학생회실"
윗저고리,"윗저고리"
문화부장,"문화,부장"
학생회장실,"학생,회장실"
부총학생회장,"부총학생,회장"
총부학생회장,"총부학생,회장"
이판사판,"이판사판"
국가안전부,"국가,안전부"
베갯머리,"베갯머리"
선제공격,"선제,공격"
보일러실,"보일러실"
아주버니,"아주버니"
만능선수,"만능,선수"
오합지졸,"오합지졸"
새대가리,"새대가리"
머리기사,"머리,기사"
형사과장,"형사,과장"
파출소장실,"파출,소장실"
화젯거리,"화젯거리"
고군분투,"고군분투"
가두시위,"가두,시위"
장례식장,"장례식장"
메김소리,"메김소리"
교회당지기,"교회당지기"
백발노인,"백발,노인"
참사회원,"참사,회원"
주름투성이,"주름,투성이"
제조업자,"제조,업자"
전지전능,"전지전능"
기독교국,"기독교국"
골상학자,"골상,학자"
요정업자,"요정,업자"
청부업자,"청부,업자"
제과업자,"제과,업자"
러시아인,"러시아인"
이탈리아어,"이탈리아어"
쇠똥구리,"쇠똥구리"
수캉아지,"수캉아지"
높이뛰기,"높이뛰기"
넓이뛰기,"넓이뛰기"
임시변통,"임시변통"
양아버지,"양아버지"
고깃덩어리,"고깃덩어리"
느릅나무,"느릅,나무"
신발닦개,"신발닦개"
간고등어,"간고등어"
개암나무,"개암,나무"
망개덩굴,"망개,덩굴"
보리둑나무,"보리둑,나무"
낭대나무,"낭대,나무"
굴참나무,"굴참,나무"
통나무배,"통나무배"
바윗덩어리,"바윗덩어리"
진초록빛,"진초록빛"
이북내기,"이북내기"
십이지장,"십이지장"
턱주배기,"턱주배기"
짚둥우리,"짚둥우리"
쌀바가지,"쌀바가지"
가죽나무,"가죽,나무"
기화요초,"기화요초"
빨랫비누,"빨랫비누"
석유풍로,"석유,풍로"
천하태평,"천하,태평"
대통령상,"대통령상"
겨레붙이,"겨레붙이"
아주머님,"아주머님"
너럭바위,"너럭,바위"
햇고구마,"햇고구마"
날갯죽지,"날갯죽지"
황소걸음,"황소,걸음"
멀리뛰기,"멀리뛰기"
쑥버무리,"쑥버무리"
공부꾸러기,"공부꾸러기"
절뚝발이,"절뚝발이"
꽃목걸이,"꽃목걸이"
찰옥수수,"찰옥수수"
우물고누,"우물고누"
연자맷간,"연자맷간"
피난민촌,"피난민촌"
저자거리,"저자거리"
즉견여래,"즉견,여래"
사색당파,"사색당파"
정신세계,"정신,세계"
왕후장상,"왕후,장상"
증조할머님,"증조,할머님"
풍지박산,"풍지박산"
보리고개,"보리,고개"
치마자락,"치마,자락"
검정고시,"검정,고시"
어머니상,"어머니상"
학술회의,"학술,회의"
대중스님,"대중,스님"
자아도취,"자아도취"
오탁악세,"오탁악세"
주색잡기,"주색잡기"
천주교인,"천주교인"
장작개비,"장작개비"
상감마마,"상감마마"
호랑나비,"호랑나비"
우담바라,"우담바라"
연월일시,"연월,일시"
사십구제,"사십구제"
시기상조,"시기,상조"
뒤치닥거리,"뒤치닥거리"
중고등부,"중고등부"
문전성시,"문전성시"
떡거머리,"떡거머리"
복바가지,"복바가지"
장부일언,"장부,일언"
점입가경,"점입가경"
대중처소,"대중처소"
깡총깡총,"깡총,깡총"
이심전심,"이심전심"
군부대신,"군부,대신"
무인고도,"무인,고도"
대감마님,"대감,마님"
인도환생,"인도,환생"
배달민족,"배달,민족"
홍익인간,"홍익,인간"
약소민족,"약소,민족"
천상천하,"천상천하"
유아독존,"유아독존"
걸음걸음,"걸음,걸음"
동문수학,"동문,수학"
화전놀이,"화전,놀이"
월직사자,"월직,사자"
암강아지,"암강아지"
인간살이,"인간살이"
거문고줄,"거문고줄"
이교도인,"이교도인"
피범벅이,"피범벅이"
해공제일,"해공,제일"
이복동생,"이복,동생"
교우회지,"교우회지"
골짜구니,"골짜구니"
피투성이,"피투성이"
움막살이,"움막살이"
다박머리,"다박머리"
저녁나절,"저녁,나절"
산그림자,"산그림자"
모두모두,"모두,모두"
줄당기기,"줄당기기"
탱자나무,"탱자,나무"
감나무집,"감나무집"
산마루터기,"산마루터기"
괴화나무,"괴화,나무"
자막대기,"자막대기"
와신상담,"와신상담"
태평세월,"태평,세월"
초하루날,"초하루날"
탈바가지,"탈바가지"
앉은방아,"앉은방아"
한사결단,"한사결단"
대보름달,"대보름달"
흑단나무,"흑단,나무"
세도정치,"세도,정치"
사립짝문,"사립짝문"
안엣소리,"안엣소리"
예수교인,"예수교인"
메줏덩이,"메줏덩이"
꼬부랑길,"꼬부랑길"
도미지짐,"도미,지짐"
파뿌리김치,"파뿌리,김치"
구름송이,"구름송이"
스무이렛날,"스무이렛날"
왕외갓집,"왕외갓집"
발가숭이,"발가숭이"
쇠코뚜레,"쇠코뚜레"
구둣발길,"구둣발길"
고추잠자리,"고추,잠자리"
산초나무,"산초,나무"
다다미방,"다다미방"
술지게미,"술지게미"
곰보딱지,"곰보,딱지"
입안엣소리,"입안엣소리"
마루터기,"마루터기"
나무때기,"나무때기"
똥바가지,"똥바가지"
소달구지,"소달구지"
애꾸눈이,"애꾸눈이"
포플러나무,"포플러,나무"
빨랫방망이,"빨랫방망이"
고구마떡,"고구마떡"
친할아버지,"친할아버지"
사철나물,"사철,나물"
친할머니,"친할머니"
차돌치기,"차돌,치기"
천조대신,"천조,대신"
입학도설,"입학도설"
삼강행실도,"삼강,행실도"
국조오례의,"국조,오례의"
주자가례,"주자,가례"
선달바우산,"선달바우산"
명성서커스단,"명성,서커스단"
경상남도,"경상남도"
무릉도원,"무릉,도원"
두산전자,"두산,전자"
에티오피아,"에티오피아"
국제극장,"국제,극장"
창원공단,"창원,공단"
여순사건,"여순,사건"
서문시장,"서문,시장"
교동시장,"교동,시장"
송죽극장,"송죽극장"
수성들판,"수성들판"
대구일보,"대구,일보"
경북인쇄소,"경북인쇄소"
고구마집,"고구마집"
칠성시장,"칠성,시장"
약전골목,"약전골목"
·학생혁명,"학생,혁명"
늘푸른나무,"늘푸른,나무"
겨울골짜기,"겨울,골짜기"
한국전쟁,"한국,전쟁"
동서문학,"동서,문학"
대한제국,"대한제국"
언양장터,"언양,장터"
예루살렘,"예루살렘"
에디오피아,"에디오피아"
방글라데시,"방글라데시"
광주항쟁,"광주,항쟁"
동아시아,"동아시아"
명치유신,"명치유신"
손자병법,"손자,병법"
체코슬로바키아,"체코슬로바키아"
독립기념관,"독립,기념관"
북로군정서,"북로군정서"
한성전기회사,"한성,전기,회사"
멕시코시티,"멕시코시티"
중앙아시아,"중앙,아시아"
소련작가동맹,"소련,작가,동맹"
카자흐공화국,"카자흐공화국"
우즈베크공화국,"우즈베크공화국"
함경북도,"함경북도"
로스엔젤레스,"로스엔젤레스"
아시아나항공,"아시아나,항공"
세종대왕,"세종대왕"
기묘사화,"기묘사화"
아마존강,"아마존강"
이스탄불,"이스탄불"
리오환경국제회의,"리오,환경,국제,회의"
서반아어,"서반아어"
남지나해,"남지나해"
동양방송,"동양,방송"
전일방송,"전일,방송"
서해방송,"서해,방송"
기독교방송,"기독교,방송"
한국방송공사,"한국,방송,공사"
요순시대,"요순,시대"
서울방송,"서울,방송"
부산방송국,"부산,방송국"
신라호텔,"신라,호텔"
하얏트호텔,"하얏트,호텔"
가요무대,"가요,무대"
동대문운동장,"동대문,운동장"
세종문화회관,"세종,문화,회관"
연합통신,"연합,통신"
말레이시아,"말레이시아"
나이지리아,"나이지리아"
대한적십자사,"대한,적십자사"
군산방송국,"군산,방송국"
충청북도,"충청북도"
장충체육관,"장충,체육관"
평양방송,"평양,방송"
서울운동장,"서울,운동장"
사회민주당,"사회,민주당"
아프가니스탄,"아프가니스탄"
북태평양,"북태평양"
흑룡강성,"흑룡강성"
중앙방송,"중앙,방송"
춘천방송국,"춘천,방송국"
정동방송국,"정동,방송국"
서울신탁은행,"서울,신탁,은행"
금강산댐,"금강산댐"
후지사과,"후지,사과"
한국은행,"한국,은행"
토지개발공사,"토지,개발,공사"
부산방송,"부산,방송"
안동방송국,"안동,방송국"
히말라야산,"히말라야산"
세종임금,"세종,임금"
세계보건기구,"세계,보건,기구"
남아시아,"남아시아"
남아메리카,"남아메리카"
탄자니아,"탄자니아"
일본생협,"일본,생협"
미국대사관,"미국,대사관"
한국기독교농민회,"한국,기독교,농민회"
나부댕이,"나부댕이"
메소포타미아,"메소포타미아"
영남일보,"영남,일보"
아랫당산,"아랫당산"
문경새재,"문경새재"
민족예술,"민족,예술"
대성탄좌,"대성,탄좌"
안동교구,"안동,교구"
금정산성,"금정,산성"
금정산정,"금정,산정"
서울특별시,"서울,특별시"
서울대병원,"서울대,병원"
평화신문,"평화,신문"
학생소년궁전,"학생,소년,궁전"
보천보전투,"보천보,전투"
교원대학,"교원,대학"
소년궁전,"소년,궁전"
우리동무,"우리,동무"
남북조절위원회,"남북,조절,위원회"
캄보디아,"캄보디아"
노동신문,"노동,신문"
부화사건,"부화,사건"
저작선집,"저작선집"
국립극장,"국립,극장"
.문화회관,"문화,회관"
낙원거리,"낙원,거리"
비파거리,"비파,거리"
만수다리,"만수,다리"
문수거리,"문수,거리"
모스크바공항,"모스크바,공항"
교예극장,"교예,극장"
로얄호텔,"로얄,호텔"
알프스산,"알프스산"
드골공항,"드골,공항"
그랜드호텔,"그랜드,호텔"
드골광장,"드골,광장"
천리마거리,"천리마,거리"
홍콩공항,"홍콩,공항"
총통호텔,"총통,호텔"
동방빈관,"동방,빈관"
광주공항,"광주,공항"
조선민항,"조선,민항"
인민일보,"인민,일보"
양성신문,"양성,신문"
남방신문,"남방,신문"
광주여행사,"광주,여행사"
유화공원,"유화,공원"
동산공원,"동산,공원"
수려공원,"수려,공원"
바레인공항,"바레인,공항"
서울대공원,"서울,대공원"
워커힐호텔,"워커힐,호텔"
한국자유총연맹,"한국,자유,총연맹"
올림픽공원,"올림픽,공원"
제주공항,"제주,공항"
천제연폭포,"천제연,폭포"
흔들다리,"흔들,다리"
중문해수욕장,"중문,해수욕장"
서울올림픽,"서울,올림픽"
아부다비,"아부다비"
서구라파,"서구라파"
금성교회,"금성,교회"
체리향기,"체리,향기"
제일모직,"제일,모직"
한국기생충박멸협회,"한국,기생충,박멸,협회"
대영제국,"대영,제국"
남미대사관,"남미,대사관"
정일학원,"정일,학원"
빙고호텔,"빙고,호텔"
실화극장,"실화,극장"
미대사관,"미대사관"
송악기획,"송악,기획"
낙원떡집,"낙원,떡집"
평화세탁소,"평화,세탁소"
경춘가도,"경춘,가도"
브라질항공사,"브라질,항공사"
홍콩안경,"홍콩,안경"
광개토부동산,"광개토,부동산"
브라질교민회,"브라질,교민회"
궁정다방,"궁정,다방"
영국상사,"영국,상사"
제일병원,"제일,병원"
모랫사장,"모랫사장"
알제리아,"알제리아"
스페인어,"스페인어"
프랑스어,"프랑스어"
가재개울,"가재,개울"
오푼돌이,"오푼돌이"
진돌뱅이,"진돌뱅이"
송리마을,"송리,마을"
송마골마을,"송마골,마을"
양철동이,"양철동이"
뱅뱅돌이,"뱅뱅돌이"
큰바윗골,"큰바윗골"
깔딱고개,"깔딱,고개"
보조어록,"보조,어록"
이씨조선,"이씨,조선"
목련존자,"목련,존자"
도깨비바위,"도깨비,바위"
조선왕조,"조선,왕조"
동학혁명,"동학,혁명"
한일합병,"한일,합병"
독립선언서,"독립,선언서"
가을걷음,"가을,걷음