가,
가,
가,
같이,
같이,
거나,
게,
게,
게,
게로,
게서,
고,
고,
과,
과,
과,
과,
그래,
그려,
까지,
까지,
까지,
깨나,
께,
께,
께,
께서,
나,
나,
나,
나,
나,
나,
나,
나,
나,
나마,
는,
는,
는,
는커녕,
니,
다,
다,
다가,
대로,
대로,
더러,
도,
도,
도,
도,
도,
도,
든,
든가,
든지,
들,
따라,
라,
라고,
라고,
라고,
라고,
라고,
라도,
라도,
라도,
라도,
라도,
라든지,
라야,
라야,
라야만,
란,
랑,
랑,
랑,
랑,
로,
로,
로,
로,
로,
로,
로,
로,
로,
로,
로,
로,
로,
로까지,
로다가,
로다가,
로다가,
로다가,
로다가,
로다가,
로다가,
로다가,
로다가,
로다가,
로다가,
로다가,
로부터,
로서,
로써,
로써,
로써,
를,
를,
를,
를,
를,
를,
를,
를,
를,
를,
마냥,
마는,
마다,
마따나,
마저,
만,
만,
만,
만,
만,
만,
만치,
만큼,
며,
면,
밖에,
보고,
보다,
부터,
뿐,
서,
서,
서,
서,
서,
서,
서,
서부터,
설랑,
설랑은,
시여,
아,
야,
야,
야말로,
에,
에,
에,
에,
에,
에,
에,
에,
에,
에,
에,
에,
에,
에,
에,
에,
에게,
에게,
에게,
에게다,
에게다가,
에게로,
에게서,
에는,
에는,
에는,
에는,
에는,
에는,
에다,
에다,
에다가,
에다가,
에로,
에를,
에서,
에서,
에서,
에서,
에서,
에서,
에서부터,
에설랑,
에야,
에의,
엔,
엔,
엔,
엔,
엔,
엔,
엘,
여,
와,
와,
와,
와,
요,
요,
으로,
으로,
으로,
으로,
으로,
으로,
으로,
으로,
으로,
으로,
으로,
으로,
으로까지,
으로다가,
으로다가,
으로다가,
으로다가,
으로다가,
으로다가,
으로다가,
으로다가,
으로다가,
으로다가,
으로다가,
으로부터,
으로서,
으로써,
으로써,
으로써,
으로써,
은,
은,
은,
은커녕,
을,
을,
을,
을,
을,
을,
을,
을,
을,
을,
을,
을랑,
을랑은,
의,
의,
의,
의,
의,
의,
이,
이,
이,
이고,
이나,
이나,
이나,
이나,
이나,
이나,
이나,
이나,
이나마,
이니,
이다,
이다,
이든,
이든지,
이라,
이라고,
이라고,
이라고,
이라고,
이라고,
이라도,
이라도,
이라도,
이라도,
이라도,
이라든가,
이라든지,
이라야,
이라야,
이라야만,
이란,
이랑,
이랑,
이랑,
이랑,
이며,
이면,
이시여,
이야,
이야말로,
이여,
인들,
일랑,
일랑은,
조차,
처럼,
치고,
치고,
치고는,
치고서,
치고서,
커녕,
커녕,
토록,
하고,
하고,
하고,
하고,
하고는,
하며,
한테,
한테,
한테,
한테다,
한테다가,
한테로,
한테서,
ㄴ,
ㄴ,
ㄴ,
ㄴ들,
ㄴ커녕,
ㄹ,
ㄹ,
ㄹ,
ㄹ,
ㄹ,
ㄹ,
ㄹ,
ㄹ,
ㄹ,
ㄹ,
ㄹ더러,
ㄹ랑,
ㄹ랑은,
